"","station","month","prec","temp","etp","etr","def","exc","wb"
"1","-49.75_-18.5",1,247.178235294118,25.2056356736243,126.586451181374,126.586451181374,0,120.591784112743,120.591784112743
"2","-49.75_-18.5",2,182.515294117647,25.2118998116488,115.821528973484,115.821528973484,0,66.6937651441628,66.6937651441628
"3","-49.75_-18.5",3,189.531176470588,24.9376470588235,119.634853648718,119.634853648718,0,69.8963228218706,69.8963228218706
"4","-49.75_-18.5",4,75.5144117647059,24.2384901960784,100.957680321094,97.9787873644554,2.97889295663867,0,-2.97889295663867
"5","-49.75_-18.5",5,31.6005882352941,22.4262618595825,77.8007298194537,60.2871062846872,17.5136235347665,0,-17.5136235347665
"6","-49.75_-18.5",6,17.155,21.7976666666667,66.5050979881409,36.1824424866671,30.3226555014738,0,-30.3226555014738
"7","-49.75_-18.5",7,9.26852941176471,22.3006831119545,73.4933931025546,23.400775347709,50.0926177548457,0,-50.0926177548457
"8","-49.75_-18.5",8,14.7791176470588,24.7530834914611,105.209687043749,24.117100561329,81.0925864824203,0,-81.0925864824203
"9","-49.75_-18.5",9,57.165,27.2101764705882,143.913176729946,60.8487821556226,83.0643945743233,0,-83.0643945743233
"10","-49.75_-18.5",10,113.027647058824,27.7692314990512,166.052948493488,114.125503418659,51.9274450748285,0,-51.9274450748285
"11","-49.75_-18.5",11,182.910882352941,26.5981764705882,145.86634757026,145.86634757026,0,0,0
"12","-49.75_-18.5",12,229.024705882353,25.4886432637571,135.016654365204,135.016654365204,0,32.6223827983477,32.6223827983477
"13","-49.75_-18.25",1,245.465,24.8103130929791,121.199520323131,121.199520323131,0,124.265479676869,124.265479676869
"14","-49.75_-18.25",2,184.302941176471,24.895206824109,112.018569077186,112.018569077186,0,72.2843720992842,72.2843720992842
"15","-49.75_-18.25",3,200.099705882353,24.7168595825427,117.254175223063,117.254175223063,0,82.8455306592904,82.8455306592904
"16","-49.75_-18.25",4,80.1591176470588,23.9476862745098,98.3365585304264,96.7801761743065,1.5563823561199,0,-1.5563823561199
"17","-49.75_-18.25",5,30.7005882352941,22.0539373814042,75.3559865947466,60.7312467068391,14.6247398879075,0,-14.6247398879075
"18","-49.75_-18.25",6,15.4379411764706,21.2712549019608,63.1133367533469,35.6678633030788,27.4454734502681,0,-27.4454734502681
"19","-49.75_-18.25",7,8.06588235294118,21.8889373814042,70.8517963427346,23.5078736074736,47.343922735261,0,-47.343922735261
"20","-49.75_-18.25",8,14.9002941176471,24.5279506641366,103.279229473402,25.2725381002153,78.0066913731865,0,-78.0066913731865
"21","-49.75_-18.25",9,54.1923529411765,26.9505196078431,139.575488249466,58.3865244039957,81.18896384547,0,-81.18896384547
"22","-49.75_-18.25",10,108.617647058824,27.2373339658444,155.800415519358,109.787422098103,46.0129934212556,0,-46.0129934212556
"23","-49.75_-18.25",11,185.696764705882,26.041068627451,136.628293419349,136.628293419349,0,0,0
"24","-49.75_-18.25",12,235.706470588235,25.0428937381404,128.391008804941,128.391008804941,0,58.3241122052276,58.3241122052276
"25","-49.75_-18",1,245.465,24.8103130929791,121.052786047334,121.052786047334,0,124.412213952666,124.412213952666
"26","-49.75_-18",2,184.302941176471,24.895206824109,111.914485537569,111.914485537569,0,72.3884556389016,72.3884556389016
"27","-49.75_-18",3,200.099705882353,24.7168595825427,117.200827612484,117.200827612484,0,82.8988782698687,82.8988782698687
"28","-49.75_-18",4,80.1591176470588,23.9476862745098,98.3559452938791,96.7963390856759,1.55960620820323,0,-1.55960620820323
"29","-49.75_-18",5,30.7005882352941,22.0539373814042,75.4200195253639,60.7595682129788,14.6604513123851,0,-14.6604513123851
"30","-49.75_-18",6,15.4379411764706,21.2712549019608,63.1993195799276,35.6794347302772,27.5198848496504,0,-27.5198848496504
"31","-49.75_-18",7,8.06588235294118,21.8889373814042,70.9553942610704,23.5000085190076,47.4553857420628,0,-47.4553857420628
"32","-49.75_-18",8,14.9002941176471,24.5279506641366,103.391864893502,25.2524604297146,78.1394044637875,0,-78.1394044637875
"33","-49.75_-18",9,54.1923529411765,26.9505196078431,139.638568092355,58.37233490893,81.2662331834245,0,-81.2662331834245
"34","-49.75_-18",10,108.617647058824,27.2373339658444,155.768874877251,109.781575591393,45.9872992858572,0,-45.9872992858572
"35","-49.75_-18",11,185.696764705882,26.041068627451,136.520894512452,136.520894512452,0,0,0
"36","-49.75_-18",12,235.706470588235,25.0428937381404,128.242891867605,128.242891867605,0,58.5715509654942,58.5715509654942
"37","-49.75_-17.75",1,244.464705882353,24.5769165085389,117.391744665539,117.391744665539,0,127.072961216814,127.072961216814
"38","-49.75_-17.75",2,188.297058823529,24.5779850043466,107.428279903847,107.428279903847,0,80.8687789196822,80.8687789196822
"39","-49.75_-17.75",3,211.915882352941,24.4343074003795,113.020265652615,113.020265652615,0,98.8956167003259,98.8956167003259
"40","-49.75_-17.75",4,86.4323529411765,23.7522647058824,95.8852009451089,95.4521706346413,0.433030310467672,0,-0.433030310467672
"41","-49.75_-17.75",5,28.9067647058824,22.052779886148,75.4511663036929,62.7644695535172,12.6866967501757,0,-12.6866967501757
"42","-49.75_-17.75",6,14.3582352941176,21.4487254901961,64.9207595361081,37.0285268280321,27.8922327080759,0,-27.8922327080759
"43","-49.75_-17.75",7,7.07205882352941,22.2325711574953,74.564724994758,23.9814065663057,50.5833184284523,0,-50.5833184284523
"44","-49.75_-17.75",8,15.5379411764706,24.8181783681214,107.347354187981,26.0762873713379,81.2710668166432,0,-81.2710668166432
"45","-49.75_-17.75",9,55.0658823529412,27.332362745098,145.950353148203,59.247637435859,86.7027157123443,0,-86.7027157123443
"46","-49.75_-17.75",10,114.111764705882,27.4221347248577,159.05042392125,115.133540710631,43.9168832106186,0,-43.9168832106186
"47","-49.75_-17.75",11,191.633823529412,25.9534117647059,134.985403062746,134.985403062746,0,0,0
"48","-49.75_-17.75",12,242.954411764706,24.845275142315,124.965991676477,124.965991676477,0,76.4378014545702,76.4378014545702
"49","-49.75_-17.5",1,244.464705882353,24.5769165085389,117.250156563952,117.250156563952,0,127.214549318401,127.214549318401
"50","-49.75_-17.5",2,188.297058823529,24.5779850043466,107.328869386861,107.328869386861,0,80.9681894366685,80.9681894366685
"51","-49.75_-17.5",3,211.915882352941,24.4343074003795,112.969090197374,112.969090197374,0,98.946792155567,98.946792155567
"52","-49.75_-17.5",4,86.4323529411765,23.7522647058824,95.9039906914609,95.4692639741793,0.434726717281535,0,-0.434726717281535
"53","-49.75_-17.5",5,28.9067647058824,22.052779886148,75.5147987414033,62.7944384099821,12.7203603314212,0,-12.7203603314212
"54","-49.75_-17.5",6,14.3582352941176,21.4487254901961,65.00842486967,37.0400136933987,27.9684111762713,0,-27.9684111762713
"55","-49.75_-17.5",7,7.07205882352941,22.2325711574953,74.6727614761214,23.9715805613608,50.7011809147606,0,-50.7011809147606
"56","-49.75_-17.5",8,15.5379411764706,24.8181783681214,107.463476821403,26.0551249246051,81.4083518967979,0,-81.4083518967979
"57","-49.75_-17.5",9,55.0658823529412,27.332362745098,146.015880520534,59.2330252471293,86.7828552734051,0,-86.7828552734051
"58","-49.75_-17.5",10,114.111764705882,27.4221347248577,159.018393566112,115.128279333408,43.8901142327035,0,-43.8901142327035
"59","-49.75_-17.5",11,191.633823529412,25.9534117647059,134.879749213588,134.879749213588,0,0,0
"60","-49.75_-17.5",12,242.954411764706,24.845275142315,124.822378071065,124.822378071065,0,76.6793818654015,76.6793818654015
"61","-49.75_-17.25",1,254.807058823529,24.0287571157495,110.76183970253,110.76183970253,0,144.045219121,144.045219121
"62","-49.75_-17.25",2,188.062941176471,24.0685105766444,101.904157372882,101.904157372882,0,86.1587838035883,86.1587838035883
"63","-49.75_-17.25",3,212.077941176471,23.957220113852,107.788228277392,107.788228277392,0,104.289712899078,104.289712899078
"64","-49.75_-17.25",4,85.4547058823529,23.2405392156863,91.3545971489986,91.1839264629181,0.170670686080541,0,-0.170670686080541
"65","-49.75_-17.25",5,27.4567647058824,21.5213662239089,72.1428971402443,61.4288800422527,10.7140170979916,0,-10.7140170979916
"66","-49.75_-17.25",6,13.3552941176471,20.9105980392157,62.1825865866892,36.6495508074262,25.533035779263,0,-25.533035779263
"67","-49.75_-17.25",7,5.55558823529412,21.7275332068311,71.6035922775095,23.4433972282073,48.1601950493023,0,-48.1601950493023
"68","-49.75_-17.25",8,13.9282352941176,24.4683681214421,104.173058598001,25.2916097412778,78.8814488567234,0,-78.8814488567234
"69","-49.75_-17.25",9,53.4476470588235,26.9860588235294,140.221906534687,57.9453049821,82.2766015525865,0,-82.2766015525865
"70","-49.75_-17.25",10,119.526470588235,26.8503605313093,148.812924712344,120.352983265069,28.4599414472752,0,-28.4599414472752
"71","-49.75_-17.25",11,192.177941176471,25.3227647058824,125.766647122791,125.766647122791,0,0,0
"72","-49.75_-17.25",12,249.713235294118,24.2494022770398,117.147930677414,117.147930677414,0,101.405652023484,101.405652023484
"73","-49.75_-17",1,254.807058823529,24.0287571157495,110.62872813881,110.62872813881,0,144.178330684719,144.178330684719
"74","-49.75_-17",2,188.062941176471,24.0685105766444,101.810227903073,101.810227903073,0,86.2527132733976,86.2527132733976
"75","-49.75_-17",3,212.077941176471,23.957220113852,107.73964715743,107.73964715743,0,104.338294019041,104.338294019041
"76","-49.75_-17",4,85.4547058823529,23.2405392156863,91.3723943951195,91.2007025726644,0.171691822455116,0,-0.171691822455116
"77","-49.75_-17",5,27.4567647058824,21.5213662239089,72.2032940554192,61.4592355376756,10.7440585177437,0,-10.7440585177437
"78","-49.75_-17",6,13.3552941176471,20.9105980392157,62.2658315512542,36.6621105984843,25.6037209527699,0,-25.6037209527699
"79","-49.75_-17",7,5.55558823529412,21.7275332068311,71.7064180709275,23.4341576027846,48.2722604681428,0,-48.2722604681428
"80","-49.75_-17",8,13.9282352941176,24.4683681214421,104.28485560695,25.2702601385865,79.014595468363,0,-79.014595468363
"81","-49.75_-17",9,53.4476470588235,26.9860588235294,140.284459222539,57.9304509324226,82.3540082901167,0,-82.3540082901167
"82","-49.75_-17",10,119.526470588235,26.8503605313093,148.783107660172,120.348644788579,28.4344628715931,0,-28.4344628715931
"83","-49.75_-17",11,192.177941176471,25.3227647058824,125.668613120231,125.668613120231,0,0,0
"84","-49.75_-17",12,249.713235294118,24.2494022770398,117.013793518801,117.013793518801,0,101.627913542712,101.627913542712
"85","-49.75_-16.75",1,276.25,23.452789373814,104.40948643106,104.40948643106,0,171.84051356894,171.84051356894
"86","-49.75_-16.75",2,198.417941176471,23.5273279484207,96.5111769387727,96.5111769387727,0,101.906764237698,101.906764237698
"87","-49.75_-16.75",3,220.185882352941,23.4510436432638,102.643889301016,102.643889301016,0,117.541993051925,117.541993051925
"88","-49.75_-16.75",4,87.7517647058824,22.8221568627451,88.2343736819378,88.2332109959799,0.00116268595792235,0,-0.00116268595792235
"89","-49.75_-16.75",5,25.8955882352941,21.1484819734345,70.5758141159324,61.7550703834178,8.82074373251459,0,-8.82074373251459
"90","-49.75_-16.75",6,12.6329411764706,20.4849411764706,60.5753485578122,36.8781435740134,23.6972049837988,0,-23.6972049837988
"91","-49.75_-16.75",7,4.57,21.300825426945,69.5799392033723,23.4100701945817,46.1698690087906,0,-46.1698690087906
"92","-49.75_-16.75",8,12.5958823529412,24.0453795066414,100.356871943755,24.6156003512359,75.7412715925191,0,-75.7412715925191
"93","-49.75_-16.75",9,50.7785294117647,26.6146568627451,134.651720978074,55.635037747242,79.0166832308318,0,-79.0166832308318
"94","-49.75_-16.75",10,129.831176470588,26.2687001897533,139.570022822491,130.174298187603,9.39572463488838,0,-9.39572463488838
"95","-49.75_-16.75",11,204.05,24.6464705882353,116.943493475219,116.943493475219,0,0,0
"96","-49.75_-16.75",12,267.273235294118,23.6426850094877,109.978615238667,109.978615238667,0,147.7555774991,147.7555774991
"97","-49.75_-16.5",1,276.25,23.452789373814,104.284437636493,104.284437636493,0,171.965562363507,171.965562363507
"98","-49.75_-16.5",2,198.417941176471,23.5273279484207,96.4225515671157,96.4225515671157,0,101.995389609355,101.995389609355
"99","-49.75_-16.5",3,220.185882352941,23.4510436432638,102.597832708285,102.597832708285,0,117.588049644656,117.588049644656
"100","-49.75_-16.5",4,87.7517647058824,22.8221568627451,88.2514654453523,88.2502190182066,0.00124642714565937,0,-0.00124642714565937
"101","-49.75_-16.5",5,25.8955882352941,21.1484819734345,70.634477430762,61.7862690788384,8.84820835192363,0,-8.84820835192363
"102","-49.75_-16.5",6,12.6329411764706,20.4849411764706,60.6557604482027,36.8914402645578,23.764320183645,0,-23.764320183645
"103","-49.75_-16.5",7,4.57,21.300825426945,69.6789936519301,23.4010085778827,46.2779850740474,0,-46.2779850740474
"104","-49.75_-16.5",8,12.5958823529412,24.0453795066414,100.46374200851,24.5940761495398,75.8696658589705,0,-75.8696658589705
"105","-49.75_-16.5",9,50.7785294117647,26.6146568627451,134.711414935508,55.6196831361726,79.0917317993359,0,-79.0917317993359
"106","-49.75_-16.5",10,129.831176470588,26.2687001897533,139.542194624068,130.171924314388,9.37027030967917,0,-9.37027030967917
"107","-49.75_-16.5",11,204.05,24.6464705882353,116.852696130946,116.852696130946,0,0,0
"108","-49.75_-16.5",12,267.273235294118,23.6426850094877,109.853124930343,109.853124930343,0,147.958676046184,147.958676046184
"109","-49.75_-16.25",1,299.652941176471,23.469724857685,103.937595776466,103.937595776466,0,195.715345400004,195.715345400004
"110","-49.75_-16.25",2,211.169117647059,23.5801260504202,96.5615710917892,96.5615710917892,0,114.60754655527,114.60754655527
"111","-49.75_-16.25",3,229.143529411765,23.5304459203036,103.120640581473,103.120640581473,0,126.022888830292,126.022888830292
"112","-49.75_-16.25",4,91.9794117647059,23.0150882352941,89.9733659362805,89.9733659362805,0,2.00604582842536,2.00604582842536
"113","-49.75_-16.25",5,24.4582352941176,21.4809487666034,73.3743399390657,63.1441778011495,10.2301621379162,0,-10.2301621379162
"114","-49.75_-16.25",6,11.2797058823529,20.7323235294118,62.3211704822753,35.7902065436292,26.5309639386461,0,-26.5309639386461
"115","-49.75_-16.25",7,4.13176470588235,21.5553510436433,71.6690409642836,22.203538085097,49.4655028791866,0,-49.4655028791866
"116","-49.75_-16.25",8,11.4573529411765,24.2384535104364,102.572114601625,22.657787856695,79.9143267449298,0,-79.9143267449298
"117","-49.75_-16.25",9,48.3185294117647,26.8332843137255,138.006322609571,52.7782853700116,85.2280372395597,0,-85.2280372395597
"118","-49.75_-16.25",10,139.434411764706,26.3421537001898,140.596993717765,139.469914770051,1.12707894771395,0,-1.12707894771395
"119","-49.75_-16.25",11,217.764117647059,24.657137254902,116.614515525667,116.614515525667,0,4.18569169475894,4.18569169475894
"120","-49.75_-16.25",12,289.066764705882,23.6705407969639,109.66832888327,109.66832888327,0,179.398435822612,179.398435822612
"121","-49.75_-16",1,299.652941176471,23.469724857685,103.813515351159,103.813515351159,0,195.839425825312,195.839425825312
"122","-49.75_-16",2,211.169117647059,23.5801260504202,96.4732164914008,96.4732164914008,0,114.695901155658,114.695901155658
"123","-49.75_-16",3,229.143529411765,23.5304459203036,103.074568459718,103.074568459718,0,126.068960952047,126.068960952047
"124","-49.75_-16",4,91.9794117647059,23.0150882352941,89.990698502971,89.990698502971,0,1.98871326173489,1.98871326173489
"125","-49.75_-16",5,24.4582352941176,21.4809487666034,73.4349053637713,63.1813016772229,10.2536036865483,0,-10.2536036865483
"126","-49.75_-16",6,11.2797058823529,20.7323235294118,62.4032216016131,35.8055332179229,26.5976883836902,0,-26.5976883836902
"127","-49.75_-16",7,4.13176470588235,21.5553510436433,71.7702072290841,22.1966967862316,49.5735104428524,0,-49.5735104428524
"128","-49.75_-16",8,11.4573529411765,24.2384535104364,102.680521439844,22.6386565813105,80.0418648585334,0,-80.0418648585334
"129","-49.75_-16",9,48.3185294117647,26.8332843137255,138.067133472768,52.7644669269551,85.3026665458131,0,-85.3026665458131
"130","-49.75_-16",10,139.434411764706,26.3421537001898,140.569093392226,139.468924739486,1.10016865274,0,-1.10016865274
"131","-49.75_-16",11,217.764117647059,24.657137254902,116.524315160415,116.524315160415,0,4.26422255751513,4.26422255751513
"132","-49.75_-16",12,289.066764705882,23.6705407969639,109.543605757863,109.543605757863,0,179.52315894802,179.52315894802
"133","-49.5_-18.5",1,255.212352941176,24.5739658444023,118.656317247428,118.656317247428,0,136.556035693748,136.556035693748
"134","-49.5_-18.5",2,178.442058823529,24.6173728629383,109.059275567935,109.059275567935,0,69.382783255594,69.382783255594
"135","-49.5_-18.5",3,192.613529411765,24.3630834914611,113.076093448315,113.076093448315,0,79.5374359634497,79.5374359634497
"136","-49.5_-18.5",4,72.6967647058824,23.5925980392157,94.8787162078685,92.5907716484915,2.28794455937702,0,-2.28794455937702
"137","-49.5_-18.5",5,32.1944117647059,21.7255787476281,73.1614315726216,59.1205065513935,14.040925021228,0,-14.040925021228
"138","-49.5_-18.5",6,14.7891176470588,20.9381176470588,61.2888840774951,34.5647769014752,26.7241071760198,0,-26.7241071760198
"139","-49.5_-18.5",7,8.32147058823529,21.4759203036053,67.9539518475095,23.3255747066903,44.6283771408192,0,-44.6283771408192
"140","-49.5_-18.5",8,14.9114705882353,23.8831593927894,95.9011688741605,25.1253137722479,70.7758551019126,0,-70.7758551019126
"141","-49.5_-18.5",9,47.3288235294118,26.4898039215686,132.347526163851,52.0168262608434,80.3306999030073,0,-80.3306999030073
"142","-49.5_-18.5",10,103.963235294118,27.0757779886148,152.823253694318,105.315378003212,47.5078756911054,0,-47.5078756911054
"143","-49.5_-18.5",11,171.762352941176,25.9111274509804,135.00059473791,135.00059473791,0,0,0
"144","-49.5_-18.5",12,243.561764705882,24.875,126.673494207945,126.673494207945,0,55.7961749744963,55.7961749744963
"145","-49.5_-18.25",1,251.795,23.8930075901328,110.939731222936,110.939731222936,0,140.855268777064,140.855268777064
"146","-49.5_-18.25",2,179.360882352941,23.9222011735729,101.80619678669,101.80619678669,0,77.5546855662514,77.5546855662514
"147","-49.5_-18.25",3,200.777647058824,23.7243643263757,106.427453081816,106.427453081816,0,94.3501939770073,94.3501939770073
"148","-49.5_-18.25",4,75.2979411764706,22.932637254902,89.4055648526023,88.4556308355615,0.949934017040732,0,-0.949934017040732
"149","-49.5_-18.25",5,31.1929411764706,21.0303225806452,69.173739271563,58.6357420460635,10.5379972254995,0,-10.5379972254995
"150","-49.5_-18.25",6,13.2332352941176,20.1132450980392,57.0969931759996,34.3251417186245,22.7718514573752,0,-22.7718514573752
"151","-49.5_-18.25",7,7.28529411764706,20.6159867172676,62.909530091102,23.6288690438006,39.2806610473014,0,-39.2806610473014
"152","-49.5_-18.25",8,14.6826470588235,23.1044592030361,89.0365594830654,26.2043538690616,62.8322056140039,0,-62.8322056140039
"153","-49.5_-18.25",9,50.8702941176471,25.9280392156863,124.660462974238,56.319973486245,68.3404894879926,0,-68.3404894879926
"154","-49.5_-18.25",10,105.737941176471,26.4943168880455,143.186778605434,107.29743780268,35.889340802754,0,-35.889340802754
"155","-49.5_-18.25",11,180.282352941176,25.2026862745098,125.236056942401,125.236056942401,0,0,0
"156","-49.5_-18.25",12,246.034117647059,24.172789373814,118.008848454632,118.008848454632,0,86.5047105068138,86.5047105068138
"157","-49.5_-18",1,251.795,23.8930075901328,110.805418305898,110.805418305898,0,140.989581694102,140.989581694102
"158","-49.5_-18",2,179.360882352941,23.9222011735729,101.711602208275,101.711602208275,0,77.6492801446667,77.6492801446667
"159","-49.5_-18",3,200.777647058824,23.7243643263757,106.379031349191,106.379031349191,0,94.3986157096326,94.3986157096326
"160","-49.5_-18",4,75.2979411764706,22.932637254902,89.4231908969042,88.4709363507369,0.952254546167239,0,-0.952254546167239
"161","-49.5_-18",5,31.1929411764706,21.0303225806452,69.232518904708,58.6658037947101,10.5667151099979,0,-10.5667151099979
"162","-49.5_-18",6,13.2332352941176,20.1132450980392,57.1747796014221,34.3387962383408,22.8359833630813,0,-22.8359833630813
"163","-49.5_-18",7,7.28529411764706,20.6159867172676,63.0015150046446,23.6238511495185,39.377663855126,0,-39.377663855126
"164","-49.5_-18",8,14.6826470588235,23.1044592030361,89.1336619724314,26.1861348725489,62.9475270998824,0,-62.9475270998824
"165","-49.5_-18",9,50.8702941176471,25.9280392156863,124.716802110267,56.3041003094568,68.4127018008104,0,-68.4127018008104
"166","-49.5_-18",10,105.737941176471,26.4943168880455,143.157791500852,107.290226854917,35.8675646459342,0,-35.8675646459342
"167","-49.5_-18",11,180.282352941176,25.2026862745098,125.137613089499,125.137613089499,0,0,0
"168","-49.5_-18",12,246.034117647059,24.172789373814,117.87270878742,117.87270878742,0,86.7265932587338,86.7265932587338
"169","-49.5_-17.75",1,255.442058823529,23.6866318785579,108.404983048903,108.404983048903,0,147.037075774627,147.037075774627
"170","-49.5_-17.75",2,186.024117647059,23.6866085917125,99.1905719704061,99.1905719704061,0,86.8335456766527,86.8335456766527
"171","-49.5_-17.75",3,209.823235294118,23.5174573055028,104.154863202094,104.154863202094,0,105.668372092024,105.668372092024
"172","-49.5_-17.75",4,82.9167647058824,22.7593725490196,88.0076227953394,87.8802098929352,0.127412902404188,0,-0.127412902404188
"173","-49.5_-17.75",5,29.9505882352941,20.9397628083491,69.0243712009282,60.6894485352596,8.33492266566861,0,-8.33492266566861
"174","-49.5_-17.75",6,11.5735294117647,20.0320294117647,57.1665815530431,35.1156239057396,22.0509576473035,0,-22.0509576473035
"175","-49.5_-17.75",7,6.63794117647059,20.5955882352941,63.4857983548044,24.3101195487954,39.175678806009,0,-39.175678806009
"176","-49.5_-17.75",8,15.0832352941176,23.1284060721063,89.9294676274352,27.2460411600232,62.683426467412,0,-62.683426467412
"177","-49.5_-17.75",9,54.5473529411765,25.9165098039216,124.710688865779,60.0538019223283,64.6568869434512,0,-64.6568869434512
"178","-49.5_-17.75",10,111.726176470588,26.296935483871,140.148903655192,113.065665259415,27.0832383957767,0,-27.0832383957767
"179","-49.5_-17.75",11,191.959411764706,24.8964901960784,121.031066362998,121.031066362998,0,0,0
"180","-49.5_-17.75",12,252.710588235294,23.9124667931689,114.582275694146,114.582275694146,0,113.131335953654,113.131335953654
"181","-49.5_-17.5",1,255.442058823529,23.6866318785579,108.274234027359,108.274234027359,0,147.167824796171,147.167824796171
"182","-49.5_-17.5",2,186.024117647059,23.6866085917125,99.0987843512748,99.0987843512748,0,86.9253332957841,86.9253332957841
"183","-49.5_-17.5",3,209.823235294118,23.5174573055028,104.107701991587,104.107701991587,0,105.71553330253,105.71553330253
"184","-49.5_-17.5",4,82.9167647058824,22.7593725490196,88.0248688447095,87.896598530861,0.128270313848518,0,-0.128270313848518
"185","-49.5_-17.5",5,29.9505882352941,20.9397628083491,69.0825835416528,60.721559601632,8.36102394002083,0,-8.36102394002083
"186","-49.5_-17.5",6,11.5735294117647,20.0320294117647,57.2437760818232,35.1292913524178,22.1144847294054,0,-22.1144847294054
"187","-49.5_-17.5",7,6.63794117647059,20.5955882352941,63.5777826311667,24.3043540153036,39.2734286158631,0,-39.2734286158631
"188","-49.5_-17.5",8,15.0832352941176,23.1284060721063,90.0267485216139,27.2269153407049,62.799833180909,0,-62.799833180909
"189","-49.5_-17.5",9,54.5473529411765,25.9165098039216,124.766680259885,60.0380268023239,64.7286534575611,0,-64.7286534575611
"190","-49.5_-17.5",10,111.726176470588,26.296935483871,140.120679780991,113.059200269972,27.0614795110189,0,-27.0614795110189
"191","-49.5_-17.5",11,191.959411764706,24.8964901960784,120.936334653206,120.936334653206,0,0,0
"192","-49.5_-17.5",12,252.710588235294,23.9124667931689,114.450595278475,114.450595278475,0,113.342712390397,113.342712390397
"193","-49.5_-17.25",1,257.299117647059,23.4615559772296,105.638118669071,105.638118669071,0,151.660998977988,151.660998977988
"194","-49.5_-17.25",2,193.903823529412,23.4911713995943,97.0534709321267,97.0534709321267,0,96.8503525972851,96.8503525972851
"195","-49.5_-17.25",3,220.736470588235,23.3585294117647,102.455760625667,102.455760625667,0,118.280709962568,118.280709962568
"196","-49.5_-17.25",4,92.7129411764706,22.6304803921569,87.0309952660052,87.0309952660052,0,5.68194591046543,5.68194591046543
"197","-49.5_-17.25",5,28.1782352941176,20.8580265654649,68.8460303099058,61.5923757510546,7.25365455885125,0,-7.25365455885125
"198","-49.5_-17.25",6,10.24,20.0275294117647,57.7373026984076,35.4159915873892,22.3213111110184,0,-22.3213111110184
"199","-49.5_-17.25",7,5.88323529411765,20.6529886148008,64.6202437906118,24.2780354334167,40.3422083571951,0,-40.3422083571951
"200","-49.5_-17.25",8,14.6670588235294,23.241669829222,91.70411402187,27.0297974459837,64.6743165758863,0,-64.6743165758863
"201","-49.5_-17.25",9,54.9858823529412,25.9576666666667,125.445996190098,60.3727045664485,65.07329162365,0,-65.07329162365
"202","-49.5_-17.25",10,120.560588235294,26.0521347248577,136.515751058959,121.337113865265,15.1786371936938,0,-15.1786371936938
"203","-49.5_-17.25",11,202.863235294118,24.5909215686275,116.960179415203,116.960179415203,0,0,0
"204","-49.5_-17.25",12,258.268235294118,23.6428557874763,111.085492519591,111.085492519591,0,137.574780003884,137.574780003884
"205","-49.5_-17",1,257.299117647059,23.4615559772296,105.511164700067,105.511164700067,0,151.787952946992,151.787952946992
"206","-49.5_-17",2,193.903823529412,23.4911713995943,96.9640125498306,96.9640125498306,0,96.9398109795811,96.9398109795811
"207","-49.5_-17",3,220.736470588235,23.3585294117647,102.409582896639,102.409582896639,0,118.326887691596,118.326887691596
"208","-49.5_-17",4,92.7129411764706,22.6304803921569,87.0479502096121,87.0479502096121,0,5.6649909668585,5.6649909668585
"209","-49.5_-17",5,28.1782352941176,20.8580265654649,68.9036671392762,61.6307426715039,7.27292446777236,0,-7.27292446777236
"210","-49.5_-17",6,10.24,20.0275294117647,57.8145966802285,35.4334616585614,22.3811350216672,0,-22.3811350216672
"211","-49.5_-17",7,5.88323529411765,20.6529886148008,64.7130411996144,24.274550613151,40.4384905864634,0,-40.4384905864634
"212","-49.5_-17",8,14.6670588235294,23.241669829222,91.8025295411402,27.0121305866686,64.7903989544716,0,-64.7903989544716
"213","-49.5_-17",9,54.9858823529412,25.9576666666667,125.501957376449,60.3581006255619,65.1438567508874,0,-65.1438567508874
"214","-49.5_-17",10,120.560588235294,26.0521347248577,136.488397942423,121.332929023386,15.155468919037,0,-15.155468919037
"215","-49.5_-17",11,202.863235294118,24.5909215686275,116.869009977275,116.869009977275,0,0,0
"216","-49.5_-17",12,258.268235294118,23.6428557874763,110.95829699643,110.95829699643,0,137.777248435697,137.777248435697
"217","-49.5_-16.75",1,258.489705882353,22.8888425047438,99.8223114057273,99.8223114057273,0,158.667394476626,158.667394476626
"218","-49.5_-16.75",2,201.416470588235,22.9688774992756,92.2994753185657,92.2994753185657,0,109.11699526967,109.11699526967
"219","-49.5_-16.75",3,229.802352941176,22.8758538899431,98.0059328954607,98.0059328954607,0,131.796420045716,131.796420045716
"220","-49.5_-16.75",4,100.424705882353,22.2004901960784,84.0104324906571,84.0104324906571,0,16.4142733916958,16.4142733916958
"221","-49.5_-16.75",5,26.5761764705882,20.5299715370019,67.7014690390857,60.2942498324645,7.40721920662119,0,-7.40721920662119
"222","-49.5_-16.75",6,9.76117647058824,19.6899607843137,56.8962362616204,34.672661195343,22.2235750662774,0,-22.2235750662774
"223","-49.5_-16.75",7,5.10147058823529,20.3556451612903,63.9172061940336,23.4968518913362,40.4203543026974,0,-40.4203543026974
"224","-49.5_-16.75",8,13.5797058823529,22.9945825426945,90.4709892780359,25.9054418918338,64.5655473862021,0,-64.5655473862021
"225","-49.5_-16.75",9,53.3379411764706,25.6625196078431,121.968730621561,58.6260617708054,63.3426688507557,0,-63.3426688507557
"226","-49.5_-16.75",10,132.695588235294,25.4842884250474,128.799647169504,128.799647169504,0,0,0
"227","-49.5_-16.75",11,211.165294117647,23.9464705882353,109.540881722119,109.540881722119,0,10.8815574677711,10.8815574677711
"228","-49.5_-16.75",12,264.279411764706,23.0513187855787,104.723612164679,104.723612164679,0,159.555799600026,159.555799600026
"229","-49.5_-16.5",1,258.489705882353,22.8888425047438,99.7027565631656,99.7027565631656,0,158.786949319187,158.786949319187
"230","-49.5_-16.5",2,201.416470588235,22.9688774992756,92.2147175157565,92.2147175157565,0,109.201753072479,109.201753072479
"231","-49.5_-16.5",3,229.802352941176,22.8758538899431,97.9619573664029,97.9619573664029,0,131.840395574774,131.840395574774
"232","-49.5_-16.5",4,100.424705882353,22.2004901960784,84.0267060400298,84.0267060400298,0,16.3979998423231,16.3979998423231
"233","-49.5_-16.5",5,26.5761764705882,20.5299715370019,67.7577431698545,60.3315389174986,7.42620425235583,0,-7.42620425235583
"234","-49.5_-16.5",6,9.76117647058824,19.6899607843137,56.9717642449143,34.6898633091834,22.281900935731,0,-22.281900935731
"235","-49.5_-16.5",7,5.10147058823529,20.3556451612903,64.0081991394915,23.493491013359,40.5147081261326,0,-40.5147081261326
"236","-49.5_-16.5",8,13.5797058823529,22.9945825426945,90.5673318632058,25.8882434012217,64.6790884619841,0,-64.6790884619841
"237","-49.5_-16.5",9,53.3379411764706,25.6625196078431,122.022801940971,58.6121011441143,63.4107007968566,0,-63.4107007968566
"238","-49.5_-16.5",10,132.695588235294,25.4842884250474,128.773966424701,128.773966424701,0,0,0
"239","-49.5_-16.5",11,211.165294117647,23.9464705882353,109.455831918542,109.455831918542,0,10.9723168125568,10.9723168125568
"240","-49.5_-16.5",12,264.279411764706,23.0513187855787,104.604118039836,104.604118039836,0,159.67529372487,159.67529372487
"241","-49.5_-16.25",1,268.957941176471,22.9073149905123,98.7203584847506,98.7203584847506,0,170.23758269172,170.23758269172
"242","-49.5_-16.25",2,205.522647058824,23.0485598377282,92.0277414442824,92.0277414442824,0,113.494905614541,113.494905614541
"243","-49.5_-16.25",3,232.359117647059,22.9913567362429,98.2035346921992,98.2035346921992,0,134.15558295486,134.15558295486
"244","-49.5_-16.25",4,109.336764705882,22.4400294117647,85.4236898954321,85.4236898954321,0,23.9130748104503,23.9130748104503
"245","-49.5_-16.25",5,25.7982352941176,20.9894212523719,70.6998708249184,61.9726693200676,8.72720150485078,0,-8.72720150485078
"246","-49.5_-16.25",6,8.67058823529412,20.3167254901961,60.8063663599013,34.6020306283264,26.2043357315749,0,-26.2043357315749
"247","-49.5_-16.25",7,5.13264705882353,21.1524478178368,69.8453796419405,23.1873931746313,46.6579864673092,0,-46.6579864673092
"248","-49.5_-16.25",8,13.8332352941176,23.8036527514232,98.6829270211934,25.1802113967688,73.5027156244246,0,-73.5027156244246
"249","-49.5_-16.25",9,50.9520588235294,26.2397156862745,129.526020671321,55.5737725002515,73.9522481710692,0,-73.9522481710692
"250","-49.5_-16.25",10,141.689705882353,25.7586907020873,132.258677663492,132.258677663492,0,0,0
"251","-49.5_-16.25",11,217.904117647059,24.0192745098039,109.472923513199,109.472923513199,0,21.7329100385574,21.7329100385574
"252","-49.5_-16.25",12,276.122941176471,23.0782922201139,103.73963911484,103.73963911484,0,172.383302061631,172.383302061631
"253","-49.5_-16",1,268.957941176471,22.9073149905123,98.6025063834412,98.6025063834412,0,170.355434793029,170.355434793029
"254","-49.5_-16",2,205.522647058824,23.0485598377282,91.9435353338389,91.9435353338389,0,113.579111724985,113.579111724985
"255","-49.5_-16",3,232.359117647059,22.9913567362429,98.1596594293849,98.1596594293849,0,134.199458217674,134.199458217674
"256","-49.5_-16",4,109.336764705882,22.4400294117647,85.440146007601,85.440146007601,0,23.8966186982814,23.8966186982814
"257","-49.5_-16",5,25.7982352941176,20.9894212523719,70.7582286610051,62.0099056730185,8.74832298798664,0,-8.74832298798664
"258","-49.5_-16",6,8.67058823529412,20.3167254901961,60.886423110827,34.6172089868606,26.2692141239663,0,-26.2692141239663
"259","-49.5_-16",7,5.13264705882353,21.1524478178368,69.9439716710353,23.1819434233174,46.7620282477179,0,-46.7620282477179
"260","-49.5_-16",8,13.8332352941176,23.8036527514232,98.7872234388515,25.1621818532715,73.6250415855799,0,-73.6250415855799
"261","-49.5_-16",9,50.9520588235294,26.2397156862745,129.583094789191,55.5602263449257,74.0228684442654,0,-74.0228684442654
"262","-49.5_-16",10,141.689705882353,25.7586907020873,132.232432008698,132.232432008698,0,0,0
"263","-49.5_-16",11,217.904117647059,24.0192745098039,109.388247110424,109.388247110424,0,21.8284428347782,21.8284428347782
"264","-49.5_-16",12,276.122941176471,23.0782922201139,103.621658544234,103.621658544234,0,172.501282632237,172.501282632237
"265","-49.25_-18.5",1,255.212352941176,24.5739658444023,118.656317247428,118.656317247428,0,136.556035693748,136.556035693748
"266","-49.25_-18.5",2,178.442058823529,24.6173728629383,109.059275567935,109.059275567935,0,69.382783255594,69.382783255594
"267","-49.25_-18.5",3,192.613529411765,24.3630834914611,113.076093448315,113.076093448315,0,79.5374359634497,79.5374359634497
"268","-49.25_-18.5",4,72.6967647058824,23.5925980392157,94.8787162078685,92.5907716484915,2.28794455937702,0,-2.28794455937702
"269","-49.25_-18.5",5,32.1944117647059,21.7255787476281,73.1614315726216,59.1205065513935,14.040925021228,0,-14.040925021228
"270","-49.25_-18.5",6,14.7891176470588,20.9381176470588,61.2888840774951,34.5647769014752,26.7241071760198,0,-26.7241071760198
"271","-49.25_-18.5",7,8.32147058823529,21.4759203036053,67.9539518475095,23.3255747066903,44.6283771408192,0,-44.6283771408192
"272","-49.25_-18.5",8,14.9114705882353,23.8831593927894,95.9011688741605,25.1253137722479,70.7758551019126,0,-70.7758551019126
"273","-49.25_-18.5",9,47.3288235294118,26.4898039215686,132.347526163851,52.0168262608434,80.3306999030073,0,-80.3306999030073
"274","-49.25_-18.5",10,103.963235294118,27.0757779886148,152.823253694318,105.315378003212,47.5078756911054,0,-47.5078756911054
"275","-49.25_-18.5",11,171.762352941176,25.9111274509804,135.00059473791,135.00059473791,0,0,0
"276","-49.25_-18.5",12,243.561764705882,24.875,126.673494207945,126.673494207945,0,55.7961749744963,55.7961749744963
"277","-49.25_-18.25",1,251.795,23.8930075901328,110.939731222936,110.939731222936,0,140.855268777064,140.855268777064
"278","-49.25_-18.25",2,179.360882352941,23.9222011735729,101.80619678669,101.80619678669,0,77.5546855662514,77.5546855662514
"279","-49.25_-18.25",3,200.777647058824,23.7243643263757,106.427453081816,106.427453081816,0,94.3501939770073,94.3501939770073
"280","-49.25_-18.25",4,75.2979411764706,22.932637254902,89.4055648526023,88.4556308355615,0.949934017040732,0,-0.949934017040732
"281","-49.25_-18.25",5,31.1929411764706,21.0303225806452,69.173739271563,58.6357420460635,10.5379972254995,0,-10.5379972254995
"282","-49.25_-18.25",6,13.2332352941176,20.1132450980392,57.0969931759996,34.3251417186245,22.7718514573752,0,-22.7718514573752
"283","-49.25_-18.25",7,7.28529411764706,20.6159867172676,62.909530091102,23.6288690438006,39.2806610473014,0,-39.2806610473014
"284","-49.25_-18.25",8,14.6826470588235,23.1044592030361,89.0365594830654,26.2043538690616,62.8322056140039,0,-62.8322056140039
"285","-49.25_-18.25",9,50.8702941176471,25.9280392156863,124.660462974238,56.319973486245,68.3404894879926,0,-68.3404894879926
"286","-49.25_-18.25",10,105.737941176471,26.4943168880455,143.186778605434,107.29743780268,35.889340802754,0,-35.889340802754
"287","-49.25_-18.25",11,180.282352941176,25.2026862745098,125.236056942401,125.236056942401,0,0,0
"288","-49.25_-18.25",12,246.034117647059,24.172789373814,118.008848454632,118.008848454632,0,86.5047105068138,86.5047105068138
"289","-49.25_-18",1,251.795,23.8930075901328,110.805418305898,110.805418305898,0,140.989581694102,140.989581694102
"290","-49.25_-18",2,179.360882352941,23.9222011735729,101.711602208275,101.711602208275,0,77.6492801446667,77.6492801446667
"291","-49.25_-18",3,200.777647058824,23.7243643263757,106.379031349191,106.379031349191,0,94.3986157096326,94.3986157096326
"292","-49.25_-18",4,75.2979411764706,22.932637254902,89.4231908969042,88.4709363507369,0.952254546167239,0,-0.952254546167239
"293","-49.25_-18",5,31.1929411764706,21.0303225806452,69.232518904708,58.6658037947101,10.5667151099979,0,-10.5667151099979
"294","-49.25_-18",6,13.2332352941176,20.1132450980392,57.1747796014221,34.3387962383408,22.8359833630813,0,-22.8359833630813
"295","-49.25_-18",7,7.28529411764706,20.6159867172676,63.0015150046446,23.6238511495185,39.377663855126,0,-39.377663855126
"296","-49.25_-18",8,14.6826470588235,23.1044592030361,89.1336619724314,26.1861348725489,62.9475270998824,0,-62.9475270998824
"297","-49.25_-18",9,50.8702941176471,25.9280392156863,124.716802110267,56.3041003094568,68.4127018008104,0,-68.4127018008104
"298","-49.25_-18",10,105.737941176471,26.4943168880455,143.157791500852,107.290226854917,35.8675646459342,0,-35.8675646459342
"299","-49.25_-18",11,180.282352941176,25.2026862745098,125.137613089499,125.137613089499,0,0,0
"300","-49.25_-18",12,246.034117647059,24.172789373814,117.87270878742,117.87270878742,0,86.7265932587338,86.7265932587338
"301","-49.25_-17.75",1,255.442058823529,23.6866318785579,108.404983048903,108.404983048903,0,147.037075774627,147.037075774627
"302","-49.25_-17.75",2,186.024117647059,23.6866085917125,99.1905719704061,99.1905719704061,0,86.8335456766527,86.8335456766527
"303","-49.25_-17.75",3,209.823235294118,23.5174573055028,104.154863202094,104.154863202094,0,105.668372092024,105.668372092024
"304","-49.25_-17.75",4,82.9167647058824,22.7593725490196,88.0076227953394,87.8802098929352,0.127412902404188,0,-0.127412902404188
"305","-49.25_-17.75",5,29.9505882352941,20.9397628083491,69.0243712009282,60.6894485352596,8.33492266566861,0,-8.33492266566861
"306","-49.25_-17.75",6,11.5735294117647,20.0320294117647,57.1665815530431,35.1156239057396,22.0509576473035,0,-22.0509576473035
"307","-49.25_-17.75",7,6.63794117647059,20.5955882352941,63.4857983548044,24.3101195487954,39.175678806009,0,-39.175678806009
"308","-49.25_-17.75",8,15.0832352941176,23.1284060721063,89.9294676274352,27.2460411600232,62.683426467412,0,-62.683426467412
"309","-49.25_-17.75",9,54.5473529411765,25.9165098039216,124.710688865779,60.0538019223283,64.6568869434512,0,-64.6568869434512
"310","-49.25_-17.75",10,111.726176470588,26.296935483871,140.148903655192,113.065665259415,27.0832383957767,0,-27.0832383957767
"311","-49.25_-17.75",11,191.959411764706,24.8964901960784,121.031066362998,121.031066362998,0,0,0
"312","-49.25_-17.75",12,252.710588235294,23.9124667931689,114.582275694146,114.582275694146,0,113.131335953654,113.131335953654
"313","-49.25_-17.5",1,255.442058823529,23.6866318785579,108.274234027359,108.274234027359,0,147.167824796171,147.167824796171
"314","-49.25_-17.5",2,186.024117647059,23.6866085917125,99.0987843512748,99.0987843512748,0,86.9253332957841,86.9253332957841
"315","-49.25_-17.5",3,209.823235294118,23.5174573055028,104.107701991587,104.107701991587,0,105.71553330253,105.71553330253
"316","-49.25_-17.5",4,82.9167647058824,22.7593725490196,88.0248688447095,87.896598530861,0.128270313848518,0,-0.128270313848518
"317","-49.25_-17.5",5,29.9505882352941,20.9397628083491,69.0825835416528,60.721559601632,8.36102394002083,0,-8.36102394002083
"318","-49.25_-17.5",6,11.5735294117647,20.0320294117647,57.2437760818232,35.1292913524178,22.1144847294054,0,-22.1144847294054
"319","-49.25_-17.5",7,6.63794117647059,20.5955882352941,63.5777826311667,24.3043540153036,39.2734286158631,0,-39.2734286158631
"320","-49.25_-17.5",8,15.0832352941176,23.1284060721063,90.0267485216139,27.2269153407049,62.799833180909,0,-62.799833180909
"321","-49.25_-17.5",9,54.5473529411765,25.9165098039216,124.766680259885,60.0380268023239,64.7286534575611,0,-64.7286534575611
"322","-49.25_-17.5",10,111.726176470588,26.296935483871,140.120679780991,113.059200269972,27.0614795110189,0,-27.0614795110189
"323","-49.25_-17.5",11,191.959411764706,24.8964901960784,120.936334653206,120.936334653206,0,0,0
"324","-49.25_-17.5",12,252.710588235294,23.9124667931689,114.450595278475,114.450595278475,0,113.342712390397,113.342712390397
"325","-49.25_-17.25",1,257.299117647059,23.4615559772296,105.638118669071,105.638118669071,0,151.660998977988,151.660998977988
"326","-49.25_-17.25",2,193.903823529412,23.4911713995943,97.0534709321267,97.0534709321267,0,96.8503525972851,96.8503525972851
"327","-49.25_-17.25",3,220.736470588235,23.3585294117647,102.455760625667,102.455760625667,0,118.280709962568,118.280709962568
"328","-49.25_-17.25",4,92.7129411764706,22.6304803921569,87.0309952660052,87.0309952660052,0,5.68194591046543,5.68194591046543
"329","-49.25_-17.25",5,28.1782352941176,20.8580265654649,68.8460303099058,61.5923757510546,7.25365455885125,0,-7.25365455885125
"330","-49.25_-17.25",6,10.24,20.0275294117647,57.7373026984076,35.4159915873892,22.3213111110184,0,-22.3213111110184
"331","-49.25_-17.25",7,5.88323529411765,20.6529886148008,64.6202437906118,24.2780354334167,40.3422083571951,0,-40.3422083571951
"332","-49.25_-17.25",8,14.6670588235294,23.241669829222,91.70411402187,27.0297974459837,64.6743165758863,0,-64.6743165758863
"333","-49.25_-17.25",9,54.9858823529412,25.9576666666667,125.445996190098,60.3727045664485,65.07329162365,0,-65.07329162365
"334","-49.25_-17.25",10,120.560588235294,26.0521347248577,136.515751058959,121.337113865265,15.1786371936938,0,-15.1786371936938
"335","-49.25_-17.25",11,202.863235294118,24.5909215686275,116.960179415203,116.960179415203,0,0,0
"336","-49.25_-17.25",12,258.268235294118,23.6428557874763,111.085492519591,111.085492519591,0,137.574780003884,137.574780003884
"337","-49.25_-17",1,257.299117647059,23.4615559772296,105.511164700067,105.511164700067,0,151.787952946992,151.787952946992
"338","-49.25_-17",2,193.903823529412,23.4911713995943,96.9640125498306,96.9640125498306,0,96.9398109795811,96.9398109795811
"339","-49.25_-17",3,220.736470588235,23.3585294117647,102.409582896639,102.409582896639,0,118.326887691596,118.326887691596
"340","-49.25_-17",4,92.7129411764706,22.6304803921569,87.0479502096121,87.0479502096121,0,5.6649909668585,5.6649909668585
"341","-49.25_-17",5,28.1782352941176,20.8580265654649,68.9036671392762,61.6307426715039,7.27292446777236,0,-7.27292446777236
"342","-49.25_-17",6,10.24,20.0275294117647,57.8145966802285,35.4334616585614,22.3811350216672,0,-22.3811350216672
"343","-49.25_-17",7,5.88323529411765,20.6529886148008,64.7130411996144,24.274550613151,40.4384905864634,0,-40.4384905864634
"344","-49.25_-17",8,14.6670588235294,23.241669829222,91.8025295411402,27.0121305866686,64.7903989544716,0,-64.7903989544716
"345","-49.25_-17",9,54.9858823529412,25.9576666666667,125.501957376449,60.3581006255619,65.1438567508874,0,-65.1438567508874
"346","-49.25_-17",10,120.560588235294,26.0521347248577,136.488397942423,121.332929023386,15.155468919037,0,-15.155468919037
"347","-49.25_-17",11,202.863235294118,24.5909215686275,116.869009977275,116.869009977275,0,0,0
"348","-49.25_-17",12,258.268235294118,23.6428557874763,110.95829699643,110.95829699643,0,137.777248435697,137.777248435697
"349","-49.25_-16.75",1,258.489705882353,22.8888425047438,99.8223114057273,99.8223114057273,0,158.667394476626,158.667394476626
"350","-49.25_-16.75",2,201.416470588235,22.9688774992756,92.2994753185657,92.2994753185657,0,109.11699526967,109.11699526967
"351","-49.25_-16.75",3,229.802352941176,22.8758538899431,98.0059328954607,98.0059328954607,0,131.796420045716,131.796420045716
"352","-49.25_-16.75",4,100.424705882353,22.2004901960784,84.0104324906571,84.0104324906571,0,16.4142733916958,16.4142733916958
"353","-49.25_-16.75",5,26.5761764705882,20.5299715370019,67.7014690390857,60.2942498324645,7.40721920662119,0,-7.40721920662119
"354","-49.25_-16.75",6,9.76117647058824,19.6899607843137,56.8962362616204,34.672661195343,22.2235750662774,0,-22.2235750662774
"355","-49.25_-16.75",7,5.10147058823529,20.3556451612903,63.9172061940336,23.4968518913362,40.4203543026974,0,-40.4203543026974
"356","-49.25_-16.75",8,13.5797058823529,22.9945825426945,90.4709892780359,25.9054418918338,64.5655473862021,0,-64.5655473862021
"357","-49.25_-16.75",9,53.3379411764706,25.6625196078431,121.968730621561,58.6260617708054,63.3426688507557,0,-63.3426688507557
"358","-49.25_-16.75",10,132.695588235294,25.4842884250474,128.799647169504,128.799647169504,0,0,0
"359","-49.25_-16.75",11,211.165294117647,23.9464705882353,109.540881722119,109.540881722119,0,10.8815574677711,10.8815574677711
"360","-49.25_-16.75",12,264.279411764706,23.0513187855787,104.723612164679,104.723612164679,0,159.555799600026,159.555799600026
"361","-49.25_-16.5",1,258.489705882353,22.8888425047438,99.7027565631656,99.7027565631656,0,158.786949319187,158.786949319187
"362","-49.25_-16.5",2,201.416470588235,22.9688774992756,92.2147175157565,92.2147175157565,0,109.201753072479,109.201753072479
"363","-49.25_-16.5",3,229.802352941176,22.8758538899431,97.9619573664029,97.9619573664029,0,131.840395574774,131.840395574774
"364","-49.25_-16.5",4,100.424705882353,22.2004901960784,84.0267060400298,84.0267060400298,0,16.3979998423231,16.3979998423231
"365","-49.25_-16.5",5,26.5761764705882,20.5299715370019,67.7577431698545,60.3315389174986,7.42620425235583,0,-7.42620425235583
"366","-49.25_-16.5",6,9.76117647058824,19.6899607843137,56.9717642449143,34.6898633091834,22.281900935731,0,-22.281900935731
"367","-49.25_-16.5",7,5.10147058823529,20.3556451612903,64.0081991394915,23.493491013359,40.5147081261326,0,-40.5147081261326
"368","-49.25_-16.5",8,13.5797058823529,22.9945825426945,90.5673318632058,25.8882434012217,64.6790884619841,0,-64.6790884619841
"369","-49.25_-16.5",9,53.3379411764706,25.6625196078431,122.022801940971,58.6121011441143,63.4107007968566,0,-63.4107007968566
"370","-49.25_-16.5",10,132.695588235294,25.4842884250474,128.773966424701,128.773966424701,0,0,0
"371","-49.25_-16.5",11,211.165294117647,23.9464705882353,109.455831918542,109.455831918542,0,10.9723168125568,10.9723168125568
"372","-49.25_-16.5",12,264.279411764706,23.0513187855787,104.604118039836,104.604118039836,0,159.67529372487,159.67529372487
"373","-49.25_-16.25",1,268.957941176471,22.9073149905123,98.7203584847506,98.7203584847506,0,170.23758269172,170.23758269172
"374","-49.25_-16.25",2,205.522647058824,23.0485598377282,92.0277414442824,92.0277414442824,0,113.494905614541,113.494905614541
"375","-49.25_-16.25",3,232.359117647059,22.9913567362429,98.2035346921992,98.2035346921992,0,134.15558295486,134.15558295486
"376","-49.25_-16.25",4,109.336764705882,22.4400294117647,85.4236898954321,85.4236898954321,0,23.9130748104503,23.9130748104503
"377","-49.25_-16.25",5,25.7982352941176,20.9894212523719,70.6998708249184,61.9726693200676,8.72720150485078,0,-8.72720150485078
"378","-49.25_-16.25",6,8.67058823529412,20.3167254901961,60.8063663599013,34.6020306283264,26.2043357315749,0,-26.2043357315749
"379","-49.25_-16.25",7,5.13264705882353,21.1524478178368,69.8453796419405,23.1873931746313,46.6579864673092,0,-46.6579864673092
"380","-49.25_-16.25",8,13.8332352941176,23.8036527514232,98.6829270211934,25.1802113967688,73.5027156244246,0,-73.5027156244246
"381","-49.25_-16.25",9,50.9520588235294,26.2397156862745,129.526020671321,55.5737725002515,73.9522481710692,0,-73.9522481710692
"382","-49.25_-16.25",10,141.689705882353,25.7586907020873,132.258677663492,132.258677663492,0,0,0
"383","-49.25_-16.25",11,217.904117647059,24.0192745098039,109.472923513199,109.472923513199,0,21.7329100385574,21.7329100385574
"384","-49.25_-16.25",12,276.122941176471,23.0782922201139,103.73963911484,103.73963911484,0,172.383302061631,172.383302061631
"385","-49.25_-16",1,268.957941176471,22.9073149905123,98.6025063834412,98.6025063834412,0,170.355434793029,170.355434793029
"386","-49.25_-16",2,205.522647058824,23.0485598377282,91.9435353338389,91.9435353338389,0,113.579111724985,113.579111724985
"387","-49.25_-16",3,232.359117647059,22.9913567362429,98.1596594293849,98.1596594293849,0,134.199458217674,134.199458217674
"388","-49.25_-16",4,109.336764705882,22.4400294117647,85.440146007601,85.440146007601,0,23.8966186982814,23.8966186982814
"389","-49.25_-16",5,25.7982352941176,20.9894212523719,70.7582286610051,62.0099056730185,8.74832298798664,0,-8.74832298798664
"390","-49.25_-16",6,8.67058823529412,20.3167254901961,60.886423110827,34.6172089868606,26.2692141239663,0,-26.2692141239663
"391","-49.25_-16",7,5.13264705882353,21.1524478178368,69.9439716710353,23.1819434233174,46.7620282477179,0,-46.7620282477179
"392","-49.25_-16",8,13.8332352941176,23.8036527514232,98.7872234388515,25.1621818532715,73.6250415855799,0,-73.6250415855799
"393","-49.25_-16",9,50.9520588235294,26.2397156862745,129.583094789191,55.5602263449257,74.0228684442654,0,-74.0228684442654
"394","-49.25_-16",10,141.689705882353,25.7586907020873,132.232432008698,132.232432008698,0,0,0
"395","-49.25_-16",11,217.904117647059,24.0192745098039,109.388247110424,109.388247110424,0,21.8284428347782,21.8284428347782
"396","-49.25_-16",12,276.122941176471,23.0782922201139,103.621658544234,103.621658544234,0,172.501282632237,172.501282632237
"397","-49_-18.5",1,257.45,23.914734345351,112.911336196349,112.911336196349,0,144.538663803651,144.538663803651
"398","-49_-18.5",2,181.312058823529,23.9741893654013,103.923208254214,103.923208254214,0,77.3888505693159,77.3888505693159
"399","-49_-18.5",3,193.729117647059,23.6639278937381,107.332942255404,107.332942255404,0,86.396175391655,86.396175391655
"400","-49_-18.5",4,74.54,22.7517450980392,89.2254952667485,88.1980795013337,1.02741576541479,0,-1.02741576541479
"401","-49_-18.5",5,33.0644117647059,20.6512428842505,67.9068821390774,58.4662861915369,9.44059594754052,0,-9.44059594754052
"402","-49_-18.5",6,14.4817647058824,19.4365882352941,53.9750455702416,34.3649595753709,19.6100859948707,0,-19.6100859948707
"403","-49_-18.5",7,8.41352941176471,19.5759203036053,56.5113390896698,24.0899196617156,32.4214194279542,0,-32.4214194279542
"404","-49_-18.5",8,15.3526470588235,21.5760910815939,75.2813366676453,26.7940792784743,48.487257389171,0,-48.487257389171
"405","-49_-18.5",9,47.3635294117647,24.3655588235294,105.57973687358,53.5149742778673,52.0647625957125,0,-52.0647625957125
"406","-49_-18.5",10,104.981764705882,25.4040986717268,127.766370929752,106.568509660994,21.1978612687586,0,-21.1978612687586
"407","-49_-18.5",11,171.987647058824,24.6820098039216,119.224983777939,119.224983777939,0,0,0
"408","-49_-18.5",12,247.790882352941,24.0590417457305,118.093098742106,118.093098742106,0,88.6612858032514,88.6612858032514
"409","-49_-18.25",1,256.802647058824,24.2375332068311,115.472097176305,115.472097176305,0,141.330549882519,141.330549882519
"410","-49_-18.25",2,178.969705882353,24.2888749637786,106.237448044079,106.237448044079,0,72.7322578382744,72.7322578382744
"411","-49_-18.25",3,204.049117647059,24.0246774193548,110.221307745476,110.221307745476,0,93.8278099015828,93.8278099015828
"412","-49_-18.25",4,74.3870588235294,23.1480098039216,91.7180252017258,90.2993402920758,1.41868490965,0,-1.41868490965
"413","-49_-18.25",5,32.0176470588235,21.2029791271347,70.677657974536,58.9793051213805,11.6983528531555,0,-11.6983528531555
"414","-49_-18.25",6,12.4176470588235,20.0547549019608,56.501053419444,32.783117453107,23.717935966337,0,-23.717935966337
"415","-49_-18.25",7,7.20941176470588,20.4596584440228,61.4355109489345,22.5962128531393,38.8392980957952,0,-38.8392980957952
"416","-49_-18.25",8,14.5841176470588,22.7131024667932,84.7075661876285,25.3570917685052,59.3504744191233,0,-59.3504744191233
"417","-49_-18.25",9,50.1085294117647,25.5192745098039,119.112379707344,55.3924339484526,63.7199457588919,0,-63.7199457588919
"418","-49_-18.25",10,106.464117647059,26.2475332068311,139.412792560077,107.95661257085,31.4561799892268,0,-31.4561799892268
"419","-49_-18.25",11,181.263823529412,25.2012941176471,125.166648102953,125.166648102953,0,0,0
"420","-49_-18.25",12,253.618235294118,24.4347628083491,121.607387695747,121.607387695747,0,91.932438429084,91.932438429084
"421","-49_-18",1,256.802647058824,24.2375332068311,115.33229699798,115.33229699798,0,141.470350060843,141.470350060843
"422","-49_-18",2,178.969705882353,24.2888749637786,106.138736109768,106.138736109768,0,72.8309697725852,72.8309697725852
"423","-49_-18",3,204.049117647059,24.0246774193548,110.171159907313,110.171159907313,0,93.8779577397459,93.8779577397459
"424","-49_-18",4,74.3870588235294,23.1480098039216,91.7361071407881,90.314543607531,1.4215635332571,0,-1.4215635332571
"425","-49_-18",5,32.0176470588235,21.2029791271347,70.7377155462538,59.0087223946784,11.7289931515754,0,-11.7289931515754
"426","-49_-18",6,12.4176470588235,20.0547549019608,56.5780279628242,32.7954735051392,23.7825544576851,0,-23.7825544576851
"427","-49_-18",7,7.20941176470588,20.4596584440228,61.5253405845222,22.5915258934549,38.9338146910673,0,-38.9338146910673
"428","-49_-18",8,14.5841176470588,22.7131024667932,84.7999475149473,25.3405010433504,59.4594464715969,0,-59.4594464715969
"429","-49_-18",9,50.1085294117647,25.5192745098039,119.166211438777,55.3774918237277,63.7887196150496,0,-63.7887196150496
"430","-49_-18",10,106.464117647059,26.2475332068311,139.384569471064,107.949710673093,31.4348587979715,0,-31.4348587979715
"431","-49_-18",11,181.263823529412,25.2012941176471,125.068258810005,125.068258810005,0,0,0
"432","-49_-18",12,253.618235294118,24.4347628083491,121.467096611577,121.467096611577,0,92.1572638727372,92.1572638727372
"433","-49_-17.75",1,262.569411764706,23.4570398481973,106.531774123561,106.531774123561,0,156.037637641145,156.037637641145
"434","-49_-17.75",2,185.323823529412,23.4664876122863,97.583936117841,97.583936117841,0,87.7398874115708,87.7398874115708
"435","-49_-17.75",3,215.59,23.2526660341556,101.975468117308,101.975468117308,0,113.614531882692,113.614531882692
"436","-49_-17.75",4,81.3761764705882,22.4474215686275,85.8210813949719,85.7237430215669,0.0973383734050657,0,-0.0973383734050657
"437","-49_-17.75",5,30.1655882352941,20.6782352941176,68.0091307303362,60.3025900872856,7.70654064305055,0,-7.70654064305055
"438","-49_-17.75",6,10.4458823529412,19.6807843137255,55.7512412926867,34.3141979550328,21.4370433376539,0,-21.4370433376539
"439","-49_-17.75",7,6.22294117647059,20.2189184060721,61.6410187506221,23.9420087093301,37.6990100412919,0,-37.6990100412919
"440","-49_-17.75",8,15.2485294117647,22.6084819734345,85.4693784669903,27.3204736882062,58.1489047787841,0,-58.1489047787841
"441","-49_-17.75",9,53.2194117647059,25.3449803921569,117.541036535381,58.8439565382437,58.6970799971375,0,-58.6970799971375
"442","-49_-17.75",10,114.147352941176,25.7997533206831,133.091055518335,115.222765417828,17.8682901005066,0,-17.8682901005066
"443","-49_-17.75",11,195.596176470588,24.484931372549,116.227899109642,116.227899109642,0,0,0
"444","-49_-17.75",12,262.106176470588,23.6597912713472,112.242402750889,112.242402750889,0,134.388198016092,134.388198016092
"445","-49_-17.5",1,262.569411764706,23.4570398481973,106.403284409913,106.403284409913,0,156.166127354793,156.166127354793
"446","-49_-17.5",2,185.323823529412,23.4664876122863,97.4936352254901,97.4936352254901,0,87.8301883039216,87.8301883039216
"447","-49_-17.5",3,215.59,23.2526660341556,101.929293734561,101.929293734561,0,113.660706265439,113.660706265439
"448","-49_-17.5",4,81.3761764705882,22.4474215686275,85.8378989678108,85.7398280866376,0.0980708811731716,0,-0.0980708811731716
"449","-49_-17.5",5,30.1655882352941,20.6782352941176,68.0664868586367,60.3350822246662,7.73140463397049,0,-7.73140463397049
"450","-49_-17.5",6,10.4458823529412,19.6807843137255,55.8265246257736,34.3278188057277,21.498705820046,0,-21.498705820046
"451","-49_-17.5",7,6.22294117647059,20.2189184060721,61.7303301344425,23.93687512589,37.7934550085525,0,-37.7934550085525
"452","-49_-17.5",8,15.2485294117647,22.6084819734345,85.5618346749667,27.3026145904832,58.2592200844836,0,-58.2592200844836
"453","-49_-17.5",9,53.2194117647059,25.3449803921569,117.593808968603,58.8286342865614,58.7651746820419,0,-58.7651746820419
"454","-49_-17.5",10,114.147352941176,25.7997533206831,133.064252988239,115.217266918319,17.8469860699198,0,-17.8469860699198
"455","-49_-17.5",11,195.596176470588,24.484931372549,116.136926866408,116.136926866408,0,0,0
"456","-49_-17.5",12,262.106176470588,23.6597912713472,112.113411367531,112.113411367531,0,134.589777021894,134.589777021894
"457","-49_-17.25",1,267.838823529412,22.6560626185958,99.1213246103003,99.1213246103003,0,168.717498919112,168.717498919112
"458","-49_-17.25",2,195.420882352941,22.6756244566792,90.947844168038,90.947844168038,0,104.473038184903,104.473038184903
"459","-49_-17.25",3,222.674411764706,22.5199051233397,95.8300872070425,95.8300872070425,0,126.844324557663,126.844324557663
"460","-49_-17.25",4,95.6547058823529,21.7355098039216,81.1898712892407,81.1898712892407,0,14.4648345931122,14.4648345931122
"461","-49_-17.25",5,28.8641176470588,20.0226755218216,65.3185147979414,59.4127879947101,5.90572680323132,0,-5.90572680323132
"462","-49_-17.25",6,9.11941176470588,19.0412254901961,53.933235856267,34.2040952996612,19.7291405566058,0,-19.7291405566058
"463","-49_-17.25",7,5.59970588235294,19.4818026565465,58.7532880129557,23.891999919703,34.8612880932527,0,-34.8612880932527
"464","-49_-17.25",8,17.7873529411765,21.8293643263757,80.3170666453054,29.9092564844205,50.4078101608849,0,-50.4078101608849
"465","-49_-17.25",9,53.1891176470588,24.601068627451,109.691187789682,59.2117146467917,50.4794731428901,0,-50.4794731428901
"466","-49_-17.25",10,125.074705882353,24.9278937381404,122.228799901319,122.228799901319,0,0,0
"467","-49_-17.25",11,211.187941176471,23.6179509803922,107.099042127757,107.099042127757,0,14.8646565668134,14.8646565668134
"468","-49_-17.25",12,270.997647058824,22.8502561669829,104.276686614408,104.276686614408,0,166.720960444415,166.720960444415
"469","-49_-17",1,267.838823529412,22.6560626185958,99.0022024058276,99.0022024058276,0,168.836621123584,168.836621123584
"470","-49_-17",2,195.420882352941,22.6756244566792,90.864013606035,90.864013606035,0,104.556868746906,104.556868746906
"471","-49_-17",3,222.674411764706,22.5199051233397,95.7868957283717,95.7868957283717,0,126.887516036334,126.887516036334
"472","-49_-17",4,95.6547058823529,21.7355098039216,81.2056882942624,81.2056882942624,0,14.4490175880906,14.4490175880906
"473","-49_-17",5,28.8641176470588,20.0226755218216,65.3731984460064,59.4507561332659,5.92244231274051,0,-5.92244231274051
"474","-49_-17",6,9.11941176470588,19.0412254901961,54.0054372643167,34.2223861052833,19.7830511590335,0,-19.7830511590335
"475","-49_-17",7,5.59970588235294,19.4818026565465,58.8376602247915,23.890766795878,34.9468934289135,0,-34.9468934289135
"476","-49_-17",8,17.7873529411765,21.8293643263757,80.4032617512117,29.8956708904284,50.5075908607833,0,-50.5075908607833
"477","-49_-17",9,53.1891176470588,24.601068627451,109.740120790235,59.1976947489475,50.5424260412873,0,-50.5424260412873
"478","-49_-17",10,125.074705882353,24.9278937381404,122.204309404202,122.204309404202,0,0,0
"479","-49_-17",11,211.187941176471,23.6179509803922,107.015559360185,107.015559360185,0,14.9452095029864,14.9452095029864
"480","-49_-17",12,270.997647058824,22.8502561669829,104.15728733547,104.15728733547,0,166.840359723354,166.840359723354
"481","-49_-16.75",1,256.785,21.9556831119545,93.286239020743,93.286239020743,0,163.498760979257,163.498760979257
"482","-49_-16.75",2,201.729705882353,22.0036456824109,85.9079865496833,85.9079865496833,0,115.82171933267,115.82171933267
"483","-49_-16.75",3,231.564705882353,21.9139184060721,91.3041443427299,91.3041443427299,0,140.260561539623,140.260561539623
"484","-49_-16.75",4,102.843823529412,21.163637254902,77.915620195538,77.915620195538,0,24.9282033338738,24.9282033338738
"485","-49_-16.75",5,26.9873529411765,19.5126565464896,63.5448594280626,57.6075971876509,5.93726224041179,0,-5.93726224041179
"486","-49_-16.75",6,9.06735294117647,18.4728823529412,52.2764346915042,33.4092111225361,18.867223568968,0,-18.867223568968
"487","-49_-16.75",7,5.16970588235294,18.8946489563567,56.7554675428863,23.3205015904652,33.4349659524211,0,-33.4349659524211
"488","-49_-16.75",8,14.1952941176471,21.2442125237192,77.0761279037739,26.745471381431,50.3306565223429,0,-50.3306565223429
"489","-49_-16.75",9,53.1147058823529,24.0838921568627,105.078741464434,58.924968199975,46.1537732644591,0,-46.1537732644591
"490","-49_-16.75",10,133.676764705882,24.2720303605313,115.216709184208,115.216709184208,0,0,0
"491","-49_-16.75",11,212.696764705882,22.9308431372549,100.816193100838,100.816193100838,0,38.8672894093661,38.8672894093661
"492","-49_-16.75",12,266.165,22.1476375711575,98.0851902512723,98.0851902512723,0,168.079809748728,168.079809748728
"493","-49_-16.5",1,256.785,21.9556831119545,93.1745122788729,93.1745122788729,0,163.610487721127,163.610487721127
"494","-49_-16.5",2,201.729705882353,22.0036456824109,85.8290979952405,85.8290979952405,0,115.900607887112,115.900607887112
"495","-49_-16.5",3,231.564705882353,21.9139184060721,91.2631759244514,91.2631759244514,0,140.301529957902,140.301529957902
"496","-49_-16.5",4,102.843823529412,21.163637254902,77.9307131269105,77.9307131269105,0,24.9131104025013,24.9131104025013
"497","-49_-16.5",5,26.9873529411765,19.5126565464896,63.5976785438055,57.6442332848613,5.95344525894412,0,-5.95344525894412
"498","-49_-16.5",6,9.06735294117647,18.4728823529412,52.3458300319603,33.4275842254825,18.9182458064778,0,-18.9182458064778
"499","-49_-16.5",7,5.16970588235294,18.8946489563567,56.8362649911805,23.3200210393134,33.5162439518671,0,-33.5162439518671
"500","-49_-16.5",8,14.1952941176471,21.2442125237192,77.1582062968189,26.7317577060178,50.4264485908011,0,-50.4264485908011
"501","-49_-16.5",9,53.1147058823529,24.0838921568627,105.125325094221,58.9123870939743,46.2129380002471,0,-46.2129380002471
"502","-49_-16.5",10,133.676764705882,24.2720303605313,115.193736676359,115.193736676359,0,0,0
"503","-49_-16.5",11,212.696764705882,22.9308431372549,100.73791732575,100.73791732575,0,38.9403038247121,38.9403038247121
"504","-49_-16.5",12,266.165,22.1476375711575,97.9732708500325,97.9732708500325,0,168.191729149968,168.191729149968
"505","-49_-16.25",1,268.540588235294,21.7903225806452,90.2332372696065,90.2332372696065,0,178.307350965688,178.307350965688
"506","-49_-16.25",2,207.176470588235,21.9273685163721,84.0099007376289,84.0099007376289,0,123.166569850606,123.166569850606
"507","-49_-16.25",3,232.038529411765,21.8708918406072,89.6834103662185,89.6834103662185,0,142.355119045546,142.355119045546
"508","-49_-16.25",4,110.002647058824,21.2557647058824,77.6656818639782,77.6656818639782,0,32.3369651948453,32.3369651948453
"509","-49_-16.25",5,26.1691176470588,19.9522770398482,65.9668336052313,59.0013807591728,6.96545284605853,0,-6.96545284605853
"510","-49_-16.25",6,8.47647058823529,19.3764509803922,57.6819673195619,34.579951489119,23.102015830443,0,-23.102015830443
"511","-49_-16.25",7,5.10147058823529,20.1009203036053,64.989799059689,23.6040041042743,41.3857949554147,0,-41.3857949554147
"512","-49_-16.25",8,13.9182352941176,22.4915939278937,87.8336336652952,25.7063352103847,62.1272984549105,0,-62.1272984549105
"513","-49_-16.25",9,51.8261764705882,24.8056666666667,112.593842631298,56.7323255444666,55.8615170868312,0,-55.8615170868312
"514","-49_-16.25",10,142.413823529412,24.439734345351,116.570141698709,116.570141698709,0,0,0
"515","-49_-16.25",11,217.626764705882,22.8077843137255,98.4228513158013,98.4228513158013,0,50.915068701602,50.915068701602
"516","-49_-16.25",12,279.178529411765,21.9454174573055,94.5598717193259,94.5598717193259,0,184.618657692439,184.618657692439
"517","-49_-16",1,268.540588235294,21.7903225806452,90.1255170710234,90.1255170710234,0,178.415071164271,178.415071164271
"518","-49_-16",2,207.176470588235,21.9273685163721,83.9330310147732,83.9330310147732,0,123.243439573462,123.243439573462
"519","-49_-16",3,232.038529411765,21.8708918406072,89.6433417147975,89.6433417147975,0,142.395187696967,142.395187696967
"520","-49_-16",4,110.002647058824,21.2557647058824,77.680643465075,77.680643465075,0,32.3220035937486,32.3220035937486
"521","-49_-16",5,26.1691176470588,19.9522770398482,66.0212846476134,59.0379443365248,6.9833403110886,0,-6.9833403110886
"522","-49_-16",6,8.47647058823529,19.3764509803922,57.7579105335219,34.5968984480688,23.1610120854531,0,-23.1610120854531
"523","-49_-16",7,5.10147058823529,20.1009203036053,65.0815370700284,23.6005548118271,41.4809822582014,0,-41.4809822582014
"524","-49_-16",8,13.9182352941176,22.4915939278937,87.9264636371829,25.6901534275416,62.2363102096414,0,-62.2363102096414
"525","-49_-16",9,51.8261764705882,24.8056666666667,112.643455784026,56.719798501376,55.92365728265,0,-55.92365728265
"526","-49_-16",10,142.413823529412,24.439734345351,116.547009305793,116.547009305793,0,0,0
"527","-49_-16",11,217.626764705882,22.8077843137255,98.3467220526663,98.3467220526663,0,50.9929779397323,50.9929779397323
"528","-49_-16",12,279.178529411765,21.9454174573055,94.4523310751032,94.4523310751032,0,184.726198336661,184.726198336661
"529","-48.75_-16.75",1,256.785,21.9556831119545,93.286239020743,93.286239020743,0,163.498760979257,163.498760979257
"530","-48.75_-16.75",2,201.729705882353,22.0036456824109,85.9079865496833,85.9079865496833,0,115.82171933267,115.82171933267
"531","-48.75_-16.75",3,231.564705882353,21.9139184060721,91.3041443427299,91.3041443427299,0,140.260561539623,140.260561539623
"532","-48.75_-16.75",4,102.843823529412,21.163637254902,77.915620195538,77.915620195538,0,24.9282033338738,24.9282033338738
"533","-48.75_-16.75",5,26.9873529411765,19.5126565464896,63.5448594280626,57.6075971876509,5.93726224041179,0,-5.93726224041179
"534","-48.75_-16.75",6,9.06735294117647,18.4728823529412,52.2764346915042,33.4092111225361,18.867223568968,0,-18.867223568968
"535","-48.75_-16.75",7,5.16970588235294,18.8946489563567,56.7554675428863,23.3205015904652,33.4349659524211,0,-33.4349659524211
"536","-48.75_-16.75",8,14.1952941176471,21.2442125237192,77.0761279037739,26.745471381431,50.3306565223429,0,-50.3306565223429
"537","-48.75_-16.75",9,53.1147058823529,24.0838921568627,105.078741464434,58.924968199975,46.1537732644591,0,-46.1537732644591
"538","-48.75_-16.75",10,133.676764705882,24.2720303605313,115.216709184208,115.216709184208,0,0,0
"539","-48.75_-16.75",11,212.696764705882,22.9308431372549,100.816193100838,100.816193100838,0,38.8672894093661,38.8672894093661
"540","-48.75_-16.75",12,266.165,22.1476375711575,98.0851902512723,98.0851902512723,0,168.079809748728,168.079809748728
"541","-48.75_-16.5",1,256.785,21.9556831119545,93.1745122788729,93.1745122788729,0,163.610487721127,163.610487721127
"542","-48.75_-16.5",2,201.729705882353,22.0036456824109,85.8290979952405,85.8290979952405,0,115.900607887112,115.900607887112
"543","-48.75_-16.5",3,231.564705882353,21.9139184060721,91.2631759244514,91.2631759244514,0,140.301529957902,140.301529957902
"544","-48.75_-16.5",4,102.843823529412,21.163637254902,77.9307131269105,77.9307131269105,0,24.9131104025013,24.9131104025013
"545","-48.75_-16.5",5,26.9873529411765,19.5126565464896,63.5976785438055,57.6442332848613,5.95344525894412,0,-5.95344525894412
"546","-48.75_-16.5",6,9.06735294117647,18.4728823529412,52.3458300319603,33.4275842254825,18.9182458064778,0,-18.9182458064778
"547","-48.75_-16.5",7,5.16970588235294,18.8946489563567,56.8362649911805,23.3200210393134,33.5162439518671,0,-33.5162439518671
"548","-48.75_-16.5",8,14.1952941176471,21.2442125237192,77.1582062968189,26.7317577060178,50.4264485908011,0,-50.4264485908011
"549","-48.75_-16.5",9,53.1147058823529,24.0838921568627,105.125325094221,58.9123870939743,46.2129380002471,0,-46.2129380002471
"550","-48.75_-16.5",10,133.676764705882,24.2720303605313,115.193736676359,115.193736676359,0,0,0
"551","-48.75_-16.5",11,212.696764705882,22.9308431372549,100.73791732575,100.73791732575,0,38.9403038247121,38.9403038247121
"552","-48.75_-16.5",12,266.165,22.1476375711575,97.9732708500325,97.9732708500325,0,168.191729149968,168.191729149968
"553","-48.75_-16.25",1,268.540588235294,21.7903225806452,90.2332372696065,90.2332372696065,0,178.307350965688,178.307350965688
"554","-48.75_-16.25",2,207.176470588235,21.9273685163721,84.0099007376289,84.0099007376289,0,123.166569850606,123.166569850606
"555","-48.75_-16.25",3,232.038529411765,21.8708918406072,89.6834103662185,89.6834103662185,0,142.355119045546,142.355119045546
"556","-48.75_-16.25",4,110.002647058824,21.2557647058824,77.6656818639782,77.6656818639782,0,32.3369651948453,32.3369651948453
"557","-48.75_-16.25",5,26.1691176470588,19.9522770398482,65.9668336052313,59.0013807591728,6.96545284605853,0,-6.96545284605853
"558","-48.75_-16.25",6,8.47647058823529,19.3764509803922,57.6819673195619,34.579951489119,23.102015830443,0,-23.102015830443
"559","-48.75_-16.25",7,5.10147058823529,20.1009203036053,64.989799059689,23.6040041042743,41.3857949554147,0,-41.3857949554147
"560","-48.75_-16.25",8,13.9182352941176,22.4915939278937,87.8336336652952,25.7063352103847,62.1272984549105,0,-62.1272984549105
"561","-48.75_-16.25",9,51.8261764705882,24.8056666666667,112.593842631298,56.7323255444666,55.8615170868312,0,-55.8615170868312
"562","-48.75_-16.25",10,142.413823529412,24.439734345351,116.570141698709,116.570141698709,0,0,0
"563","-48.75_-16.25",11,217.626764705882,22.8077843137255,98.4228513158013,98.4228513158013,0,50.915068701602,50.915068701602
"564","-48.75_-16.25",12,279.178529411765,21.9454174573055,94.5598717193259,94.5598717193259,0,184.618657692439,184.618657692439
