"","lon","lat","year","month","prec","temp","etp"
"1",-49.688,-18.265,2015,1,126.42,26.8290322580645,153.874349406577
"2",-49.688,-18.265,2015,2,219.28,25.2478571428571,113.553312446016
"3",-49.688,-18.265,2015,3,219.52,24.5938709677419,110.787861432871
"4",-49.688,-18.265,2015,4,68.37,24.8063333333333,105.664507904877
"5",-49.688,-18.265,2015,5,57.67,22.3777419354839,72.7026057726731
"6",-49.688,-18.265,2015,6,12.32,22.6086666666667,70.6419493643182
"7",-49.688,-18.265,2015,7,8.58,23.9254838709677,88.6027652882992
"8",-49.688,-18.265,2015,8,4.01,25.8912903225806,119.817212563781
"9",-49.688,-18.265,2015,9,49.5,28.648,172.7073279181
"10",-49.688,-18.265,2015,10,69.89,30.9335483870968,244.617581309193
"11",-49.688,-18.265,2015,11,144.97,27.686,166.74182697586
"12",-49.688,-18.265,2015,12,158.36,26.5977419354839,153.57712316551
"13",-49.688,-18.265,2016,1,243.78,25.6638709677419,131.75697662782
"14",-49.688,-18.265,2016,2,129.6,26.3806896551724,132.707986987253
"15",-49.688,-18.265,2016,3,114.57,25.7929032258065,131.254310788897
"16",-49.688,-18.265,2016,4,6.27,26.5916666666667,135.147455116796
"17",-49.688,-18.265,2016,5,23.29,25.0251612903226,108.128878572041
"18",-49.688,-18.265,2016,6,16.77,22.2666666666667,67.2746733312437
"19",-49.688,-18.265,2016,7,0.01,23.891935483871,88.4554128829555
"20",-49.688,-18.265,2016,8,20.38,25.9758064516129,121.3602685787
"21",-49.688,-18.265,2016,9,7.9,28.109,161.409400724453
"22",-49.688,-18.265,2016,10,107.8,27.8670967741935,169.142081849227
"23",-49.688,-18.265,2016,11,178.44,26.2263333333333,137.866322259796
"24",-49.688,-18.265,2016,12,166.39,25.8564516129032,139.185711865693
"25",-49.688,-18.265,2017,1,211.56,25.4687096774194,129.683923513781
"26",-49.688,-18.265,2017,2,120.04,25.1592857142857,113.837564188269
"27",-49.688,-18.265,2017,3,163.36,25.7564516129032,131.801836397363
"28",-49.688,-18.265,2017,4,95.17,25.001,110.379948490123
"29",-49.688,-18.265,2017,5,60.26,24.2996774193548,99.3398483194286
"30",-49.688,-18.265,2017,6,0.49,22.5743333333333,72.7480492745553
"31",-49.688,-18.265,2017,7,0,21.3283870967742,61.7824445561942
"32",-49.688,-18.265,2017,8,2.53,25.9883870967742,122.505697430007
"33",-49.688,-18.265,2017,9,23.81,27.862,155.962806506341
"34",-49.688,-18.265,2017,10,71.81,29.1209677419355,195.324999374118
"35",-49.688,-18.265,2017,11,336.88,25.434,125.190629254816
"36",-49.688,-18.265,2017,12,197.08,25.3183870967742,130.83254657534
"37",-49.688,-18.265,2018,1,202.39,25.3403225806452,127.756377631555
"38",-49.688,-18.265,2018,2,146.89,25.2325,115.187757141584
"39",-49.688,-18.265,2018,3,108.05,26.1064516129032,138.045060924945
"40",-49.688,-18.265,2018,4,98.91,23.735,93.1091113458067
"41",-49.688,-18.265,2018,5,18.46,22.7545161290323,80.1268235474217
"42",-49.688,-18.265,2018,6,0.19,24.1716666666667,91.7574030719557
"43",-49.688,-18.265,2018,7,0.01,23.9412903225806,91.2894368775158
"44",-49.688,-18.265,2018,8,5.44,25.73,118.654740696386
"45",-49.688,-18.265,2018,9,47.53,27.332,146.221419137471
"46",-49.688,-18.265,2018,10,172.53,27.0703225806452,152.978018674051
"47",-49.688,-18.265,2018,11,292.45,25.1306666666667,120.524380411553
"48",-49.688,-18.265,2018,12,148,25.8941935483871,141.249342152681
"49",-49.688,-18.265,2019,1,126.38,26.6174193548387,149.259759141123
"50",-49.688,-18.265,2019,2,273.29,25.9992857142857,125.40128679874
"51",-49.688,-18.265,2019,3,150.55,25.1809677419355,119.600143388399
"52",-49.688,-18.265,2019,4,72.66,25.2703333333333,112.080438776401
"53",-49.688,-18.265,2019,5,20.67,24.5745161290323,100.319625117707
"54",-49.688,-18.265,2019,6,0.77,23.192,76.2859142631805
"55",-49.688,-18.265,2019,7,1.61,22.9958064516129,75.9834365611756
"56",-49.688,-18.265,2019,8,4.45,26.3132258064516,126.426933077396
"57",-49.688,-18.265,2019,9,26.19,30.208,209.773133666218
"58",-49.688,-18.265,2019,10,89.65,29.2229032258065,201.045708610436
"59",-49.688,-18.265,2019,11,183.34,27.4913333333333,162.637780743399
"60",-49.688,-18.265,2019,12,195.12,26.0683870967742,142.470792351949
"61",-49.688,-18.265,2020,1,214.99,26.6,148.963789850919
"62",-49.688,-18.265,2020,2,281.41,25.5834482758621,118.409933456609
"63",-49.688,-18.265,2020,3,79.34,25.1035483870968,118.39738155211
"64",-49.688,-18.265,2020,4,40.63,25.112,109.677091216286
"65",-49.688,-18.265,2020,5,39.28,22.2041935483871,69.7415769795418
"66",-49.688,-18.265,2020,6,4.61,23.7156666666667,82.8181904042396
"67",-49.688,-18.265,2020,7,1.56,24.1990322580645,91.4587355129202
"68",-49.688,-18.265,2020,8,1.8,25.4383870967742,112.005709693843
"69",-49.688,-18.265,2020,9,14.41,29.729,197.857348677549
"70",-49.688,-18.265,2020,10,116.14,30.1906451612903,225.894783383855
"71",-49.688,-18.265,2020,11,59.81,27.4026666666667,160.762562234594
"72",-49.688,-18.265,2020,12,161.77,27.3683870967742,169.823304025598
"73",-49.688,-18.265,2021,1,90.71,27.641935483871,170.999883663216
"74",-49.688,-18.265,2021,2,144.84,27.2435714285714,148.517889569056
"75",-49.688,-18.265,2021,3,73.14,26.0406451612903,135.414747495756
"76",-49.688,-18.265,2021,4,39.92,25.5316666666667,116.807885142592
"77",-49.688,-18.265,2021,5,22.26,24.5687096774194,100.873962356975
"78",-49.688,-18.265,2021,6,9.14,23.2706666666667,77.9540971520991
"79",-49.688,-18.265,2021,7,0.88,21.1958064516129,57.463935444534
"80",-49.688,-18.265,2021,8,3.38,25.9567741935484,120.751533457064
"81",-49.688,-18.265,2021,9,8.32,30.288,210.64134556062
"82",-49.688,-18.265,2021,10,224.47,27.6512903225806,164.651496546971
"83",-49.688,-18.265,2021,11,241.45,26.0166666666667,133.724584976857
"84",-49.688,-18.265,2021,12,219.16,25.5916129032258,133.836456959474
"85",-49.375,-18.265,2015,1,137.97,26.3038709677419,144.521713978815
"86",-49.375,-18.265,2015,2,206.51,24.5585714285714,105.097346915051
"87",-49.375,-18.265,2015,3,228.14,24.0648387096774,105.12034277027
"88",-49.375,-18.265,2015,4,75.01,24.2676666666667,100.02305019828
"89",-49.375,-18.265,2015,5,39.58,21.8658064516129,69.9256630216722
"90",-49.375,-18.265,2015,6,10.71,21.83,65.1676881690856
"91",-49.375,-18.265,2015,7,6.54,23.06,80.3649335598794
"92",-49.375,-18.265,2015,8,2.59,25.1193548387097,109.408388744851
"93",-49.375,-18.265,2015,9,49.03,28.3616666666667,165.451625043166
"94",-49.375,-18.265,2015,10,78.64,30.4935483870968,227.618370737808
"95",-49.375,-18.265,2015,11,182.11,26.721,147.708842002947
"96",-49.375,-18.265,2015,12,147.78,26.0074193548387,143.199218446141
"97",-49.375,-18.265,2016,1,280.17,25.1383870967742,124.52535751825
"98",-49.375,-18.265,2016,2,120.61,25.7920689655172,123.963506547658
"99",-49.375,-18.265,2016,3,148.86,25.1216129032258,121.619030766409
"100",-49.375,-18.265,2016,4,4.66,24.978,110.412022619908
"101",-49.375,-18.265,2016,5,18.56,24.0835483870968,96.8826628511096
"102",-49.375,-18.265,2016,6,25.52,21.5076666666667,62.4551580850384
"103",-49.375,-18.265,2016,7,0,23.3383870967742,84.0361262527125
"104",-49.375,-18.265,2016,8,19.66,25.3716129032258,113.350651770373
"105",-49.375,-18.265,2016,9,13.89,27.9306666666667,157.065844445386
"106",-49.375,-18.265,2016,10,125.04,27.3367741935484,158.016481257583
"107",-49.375,-18.265,2016,11,152.31,25.6806666666667,129.591225038222
"108",-49.375,-18.265,2016,12,162.94,25.5451612903226,135.12805016403
"109",-49.375,-18.265,2017,1,193.91,25.0987096774194,124.790693437696
"110",-49.375,-18.265,2017,2,131.09,24.7771428571429,109.494217906815
"111",-49.375,-18.265,2017,3,139.64,25.3167741935484,125.58397877086
"112",-49.375,-18.265,2017,4,89.84,24.906,110.25452769768
"113",-49.375,-18.265,2017,5,74.02,23.6406451612903,92.3351177818838
"114",-49.375,-18.265,2017,6,2.3,22.054,69.2417080638338
"115",-49.375,-18.265,2017,7,0,20.7567741935484,58.5479550567596
"116",-49.375,-18.265,2017,8,0.31,25.531935483871,116.392247130605
"117",-49.375,-18.265,2017,9,19.4,27.058,141.398429425432
"118",-49.375,-18.265,2017,10,78.2,28.6077419354839,182.602945198408
"119",-49.375,-18.265,2017,11,317.41,25.018,119.774445061892
"120",-49.375,-18.265,2017,12,183.58,24.8048387096774,123.655325049003
"121",-49.375,-18.265,2018,1,236.18,24.8822580645161,121.88079355761
"122",-49.375,-18.265,2018,2,174.18,24.7135714285714,109.090694200445
"123",-49.375,-18.265,2018,3,87.6,25.4422580645161,127.974733731108
"124",-49.375,-18.265,2018,4,93.6,23.145,87.8507670255997
"125",-49.375,-18.265,2018,5,17.69,21.9038709677419,73.0882794208131
"126",-49.375,-18.265,2018,6,0.07,23.369,84.0056613689153
"127",-49.375,-18.265,2018,7,0,23.2648387096774,85.0694192855245
"128",-49.375,-18.265,2018,8,6.67,25.1735483870968,111.630285339387
"129",-49.375,-18.265,2018,9,35.67,27.0213333333333,140.755843408637
"130",-49.375,-18.265,2018,10,171.64,26.6816129032258,146.090302922797
"131",-49.375,-18.265,2018,11,335.81,24.5963333333333,113.965162516695
"132",-49.375,-18.265,2018,12,167.48,25.3335483870968,132.737135870392
"133",-49.375,-18.265,2019,1,87.22,26.0135483870968,138.965857866618
"134",-49.375,-18.265,2019,2,242.85,25.5385714285714,119.391738849999
"135",-49.375,-18.265,2019,3,153.36,24.721935483871,114.473524944914
"136",-49.375,-18.265,2019,4,87.09,24.4723333333333,102.335744902757
"137",-49.375,-18.265,2019,5,29.5,23.5993548387097,89.5775039039538
"138",-49.375,-18.265,2019,6,0.31,22.1006666666667,67.2148598803502
"139",-49.375,-18.265,2019,7,0.32,22.1851612903226,69.9297416729195
"140",-49.375,-18.265,2019,8,3.49,25.6409677419355,116.840548255133
"141",-49.375,-18.265,2019,9,29.04,29.4976666666667,189.385726750193
"142",-49.375,-18.265,2019,10,88.18,28.4148387096774,180.22848657205
"143",-49.375,-18.265,2019,11,167.41,27.161,155.978661230702
"144",-49.375,-18.265,2019,12,255.14,25.4267741935484,132.369181991611
"145",-49.375,-18.265,2020,1,248.77,25.8116129032258,135.890026993125
"146",-49.375,-18.265,2020,2,291.24,24.8520689655172,109.631587409223
"147",-49.375,-18.265,2020,3,92.9,24.4987096774194,111.916770249436
"148",-49.375,-18.265,2020,4,37.74,23.916,95.6227063280547
"149",-49.375,-18.265,2020,5,39.21,20.9096774193548,60.6983936925248
"150",-49.375,-18.265,2020,6,2.85,22.4963333333333,72.4468381481437
"151",-49.375,-18.265,2020,7,1.79,23.1861290322581,82.2224784385252
"152",-49.375,-18.265,2020,8,1.16,24.611935483871,102.499345385451
"153",-49.375,-18.265,2020,9,11.86,28.952,176.884379713706
"154",-49.375,-18.265,2020,10,117.39,29.4958064516129,203.192580644767
"155",-49.375,-18.265,2020,11,75.14,26.41,142.1607003504
"156",-49.375,-18.265,2020,12,194.41,26.3558064516129,149.829115375729
"157",-49.375,-18.265,2021,1,98.85,26.7958064516129,153.750625043587
"158",-49.375,-18.265,2021,2,184.55,26.1614285714286,129.810524406761
"159",-49.375,-18.265,2021,3,66.86,25.1406451612903,121.685000312186
"160",-49.375,-18.265,2021,4,50.24,24.435,102.395316267379
"161",-49.375,-18.265,2021,5,27.72,23.7525806451613,92.2320909122449
"162",-49.375,-18.265,2021,6,22.69,22.3693333333333,70.7639626772896
"163",-49.375,-18.265,2021,7,0.36,20.8864516129032,57.8258814436889
"164",-49.375,-18.265,2021,8,4.1,25.3809677419355,113.294422263689
"165",-49.375,-18.265,2021,9,8.65,29.801,195.086574767041
"166",-49.375,-18.265,2021,10,217.64,27.2841935483871,157.038849276599
"167",-49.375,-18.265,2021,11,254.28,25.5276666666667,126.856916282641
"168",-49.375,-18.265,2021,12,272.29,25.0561290322581,126.50183726917
"169",-49.375,-17.953,2015,1,121.59,25.5990322580645,133.16466571487
"170",-49.375,-17.953,2015,2,207.45,23.8289285714286,97.2454252491724
"171",-49.375,-17.953,2015,3,219.06,23.3725806451613,98.0063404615535
"172",-49.375,-17.953,2015,4,86.8,23.7036666666667,94.8555724055968
"173",-49.375,-17.953,2015,5,24.86,21.2190322580645,66.345695000029
"174",-49.375,-17.953,2015,6,7.65,21.0766666666667,60.9072518150747
"175",-49.375,-17.953,2015,7,5.73,22.3616129032258,75.3555935758365
"176",-49.375,-17.953,2015,8,5.89,24.1616129032258,98.3172102174335
"177",-49.375,-17.953,2015,9,44.81,27.7103333333333,152.429454521872
"178",-49.375,-17.953,2015,10,76.07,29.6045161290323,202.529353353552
"179",-49.375,-17.953,2015,11,163.39,26.4746666666667,143.619753532029
"180",-49.375,-17.953,2015,12,149.4,25.4961290322581,135.318068727406
"181",-49.375,-17.953,2016,1,268.79,24.4761290322581,115.246144529379
"182",-49.375,-17.953,2016,2,126.88,25.0955172413793,114.149944282079
"183",-49.375,-17.953,2016,3,162.05,24.4977419354839,113.229089933748
"184",-49.375,-17.953,2016,4,4.77,24.218,101.086392686102
"185",-49.375,-17.953,2016,5,10.33,23.6529032258065,92.9021814019204
"186",-49.375,-17.953,2016,6,12.42,21.558,64.8561572927827
"187",-49.375,-17.953,2016,7,0.01,22.9648387096774,81.4567519773076
"188",-49.375,-17.953,2016,8,12.96,25.1051612903226,110.620260499519
"189",-49.375,-17.953,2016,9,12.41,27.8833333333333,155.649852619551
"190",-49.375,-17.953,2016,10,111.82,26.9335483870968,150.452718234148
"191",-49.375,-17.953,2016,11,133.83,25.237,123.258896793219
"192",-49.375,-17.953,2016,12,164.2,25.0058064516129,126.961446574943
"193",-49.375,-17.953,2017,1,204.84,24.5948387096774,118.404477728043
"194",-49.375,-17.953,2017,2,126.83,24.0682142857143,101.402497853742
"195",-49.375,-17.953,2017,3,120.33,24.8661290322581,119.949129991552
"196",-49.375,-17.953,2017,4,99.05,24.3133333333333,103.716578807597
"197",-49.375,-17.953,2017,5,70.33,22.9903225806452,86.6480125005869
"198",-49.375,-17.953,2017,6,1.98,21.6446666666667,67.6071080769298
"199",-49.375,-17.953,2017,7,0,19.9887096774194,54.4886045504073
"200",-49.375,-17.953,2017,8,0.13,24.9612903225806,109.6707342442
"201",-49.375,-17.953,2017,9,17.81,26.514,132.819262212568
"202",-49.375,-17.953,2017,10,67.56,28.138064516129,171.816026478778
"203",-49.375,-17.953,2017,11,326.56,24.3793333333333,111.84602271752
"204",-49.375,-17.953,2017,12,187.98,24.1112903225806,114.698746393497
"205",-49.375,-17.953,2018,1,242.72,24.1593548387097,113.353036359244
"206",-49.375,-17.953,2018,2,193.11,24.0567857142857,102.406808368454
"207",-49.375,-17.953,2018,3,95.98,24.6551612903226,117.885452513168
"208",-49.375,-17.953,2018,4,97.54,22.2996666666667,81.2765518601028
"209",-49.375,-17.953,2018,5,11.69,20.5996774193548,63.7912105675758
"210",-49.375,-17.953,2018,6,0.28,22.095,73.4858414718697
"211",-49.375,-17.953,2018,7,0,22.138064516129,75.9146620598698
"212",-49.375,-17.953,2018,8,4.29,24.6725806451613,106.757954310013
"213",-49.375,-17.953,2018,9,43.05,26.4656666666667,132.193126317343
"214",-49.375,-17.953,2018,10,180.56,25.9948387096774,135.344643376438
"215",-49.375,-17.953,2018,11,311.84,23.884,106.34300474194
"216",-49.375,-17.953,2018,12,173.69,24.6525806451613,123.788789959708
"217",-49.375,-17.953,2019,1,98.66,25.0970967741935,124.940147881938
"218",-49.375,-17.953,2019,2,225.81,24.6889285714286,108.512657098313
"219",-49.375,-17.953,2019,3,175.1,24.0870967741935,107.482725218861
"220",-49.375,-17.953,2019,4,100.22,23.868,96.6889250860551
"221",-49.375,-17.953,2019,5,48.36,22.4990322580645,79.4543938981844
"222",-49.375,-17.953,2019,6,0.04,20.769,57.8307800907246
"223",-49.375,-17.953,2019,7,0.15,21.1167741935484,62.6078971514895
"224",-49.375,-17.953,2019,8,2.09,25.0577419354839,110.07674946727
"225",-49.375,-17.953,2019,9,23.62,28.901,174.260295346955
"226",-49.375,-17.953,2019,10,79.57,27.8722580645161,167.68598498516
"227",-49.375,-17.953,2019,11,170.08,26.7093333333333,147.639896236302
"228",-49.375,-17.953,2019,12,260.97,24.931935483871,125.918876061103
"229",-49.375,-17.953,2020,1,233.21,25.1683870967742,126.38049061259
"230",-49.375,-17.953,2020,2,312.16,24.1044827586207,101.00227569757
"231",-49.375,-17.953,2020,3,95.07,23.9174193548387,105.569138335975
"232",-49.375,-17.953,2020,4,43.57,23.176,88.5853018148748
"233",-49.375,-17.953,2020,5,28.7,20.0803225806452,56.04612206572
"234",-49.375,-17.953,2020,6,2.34,21.7286666666667,67.2610907729709
"235",-49.375,-17.953,2020,7,0.8,22.4154838709677,76.1510302436236
"236",-49.375,-17.953,2020,8,0.62,23.9796774193548,96.1850336646221
"237",-49.375,-17.953,2020,9,7.02,28.402,164.565573886648
"238",-49.375,-17.953,2020,10,116.49,28.8738709677419,187.005141222339
"239",-49.375,-17.953,2020,11,81.41,26.0523333333333,136.606072041747
"240",-49.375,-17.953,2020,12,189.94,25.9858064516129,143.735760519874
"241",-49.375,-17.953,2021,1,92.68,26.2070967741935,143.308697362158
"242",-49.375,-17.953,2021,2,198,25.3292857142857,117.717923622989
"243",-49.375,-17.953,2021,3,73.87,24.2648387096774,110.081557600516
"244",-49.375,-17.953,2021,4,39.17,23.8706666666667,96.7922228979593
"245",-49.375,-17.953,2021,5,14.44,23.3193548387097,89.0689283866474
"246",-49.375,-17.953,2021,6,10.11,22.161,71.0978170228967
"247",-49.375,-17.953,2021,7,0.82,20.5535483870968,57.5650799345976
"248",-49.375,-17.953,2021,8,3.34,24.7577419354839,106.010913459811
"249",-49.375,-17.953,2021,9,18.23,29.131,178.603055716294
"250",-49.375,-17.953,2021,10,216.17,26.7338709677419,146.952764285408
"251",-49.375,-17.953,2021,11,229.2,24.6606666666667,114.737824997036
"252",-49.375,-17.953,2021,12,244.58,24.4929032258065,119.098756933146
"253",-49.375,-17.641,2015,1,90.63,25.6477419354839,133.903709878333
"254",-49.375,-17.641,2015,2,194.43,23.825,97.3528275593371
"255",-49.375,-17.641,2015,3,201.16,23.2506451612903,96.6761223012752
"256",-49.375,-17.641,2015,4,119.23,23.5436666666667,93.1639497373469
"257",-49.375,-17.641,2015,5,22.24,21.2290322580645,66.8783982421804
"258",-49.375,-17.641,2015,6,5,21.1936666666667,62.4237975925627
"259",-49.375,-17.641,2015,7,4.01,22.401935483871,76.2415070422111
"260",-49.375,-17.641,2015,8,9.32,24.3196774193548,100.721131857831
"261",-49.375,-17.641,2015,9,49.74,27.491,148.670134230933
"262",-49.375,-17.641,2015,10,86.81,29.2383870967742,194.323759785024
"263",-49.375,-17.641,2015,11,184.95,26.1883333333333,138.737121556082
"264",-49.375,-17.641,2015,12,149.84,25.3387096774194,132.696636363998
"265",-49.375,-17.641,2016,1,305,24.181935483871,110.972676941454
"266",-49.375,-17.641,2016,2,130.08,24.8286206896552,110.386771605163
"267",-49.375,-17.641,2016,3,152.12,24.2664516129032,110.033861940129
"268",-49.375,-17.641,2016,4,4.86,23.952,97.8536227713493
"269",-49.375,-17.641,2016,5,11.71,23.4858064516129,91.1802295512042
"270",-49.375,-17.641,2016,6,4.24,21.9576666666667,69.1630630120965
"271",-49.375,-17.641,2016,7,0,23.2193548387097,84.7724278696634
"272",-49.375,-17.641,2016,8,13.3,25.2445161290323,112.885284607605
"273",-49.375,-17.641,2016,9,13.55,28.165,160.645970658072
"274",-49.375,-17.641,2016,10,112.3,26.6941935483871,146.227074007284
"275",-49.375,-17.641,2016,11,130.14,24.992,119.556395772747
"276",-49.375,-17.641,2016,12,161.16,24.7812903225806,123.401395685272
"277",-49.375,-17.641,2017,1,193.51,24.5703225806452,117.902424566112
"278",-49.375,-17.641,2017,2,136.78,23.8042857142857,97.9788930853652
"279",-49.375,-17.641,2017,3,111.93,24.7090322580645,117.621053960665
"280",-49.375,-17.641,2017,4,110.6,24.0243333333333,100.067835035824
"281",-49.375,-17.641,2017,5,66.43,23.021935483871,87.1493291142395
"282",-49.375,-17.641,2017,6,0.97,21.8093333333333,69.3533002371204
"283",-49.375,-17.641,2017,7,0,20.2738709677419,57.0507950570857
"284",-49.375,-17.641,2017,8,0.05,25.09,111.57877623779
"285",-49.375,-17.641,2017,9,17.3,26.5986666666667,134.193571225453
"286",-49.375,-17.641,2017,10,68.6,28.2174193548387,173.220155003136
"287",-49.375,-17.641,2017,11,294.56,24.308,110.780571639222
"288",-49.375,-17.641,2017,12,199.9,24.0070967741935,113.075499931257
"289",-49.375,-17.641,2018,1,227.73,24.0187096774194,111.683409361903
"290",-49.375,-17.641,2018,2,209.98,23.9203571428571,100.994347827113
"291",-49.375,-17.641,2018,3,109.77,24.3583870967742,114.076025173102
"292",-49.375,-17.641,2018,4,115.66,22.168,80.4432159470203
"293",-49.375,-17.641,2018,5,9.49,20.4174193548387,62.8350336866693
"294",-49.375,-17.641,2018,6,0.27,21.751,70.8277047177595
"295",-49.375,-17.641,2018,7,0,22.0661290322581,75.8592522610258
"296",-49.375,-17.641,2018,8,6.31,24.741935483871,108.079004676756
"297",-49.375,-17.641,2018,9,42.06,26.5106666666667,132.941724574541
"298",-49.375,-17.641,2018,10,188.32,25.6745161290323,130.64142362538
"299",-49.375,-17.641,2018,11,272.46,23.7606666666667,105.078772459242
"300",-49.375,-17.641,2018,12,180.27,24.4745161290323,121.383673978118
"301",-49.375,-17.641,2019,1,111.69,24.8012903225806,120.462849438167
"302",-49.375,-17.641,2019,2,204.91,24.5103571428571,106.235022279508
"303",-49.375,-17.641,2019,3,176.35,23.951935483871,105.911803071507
"304",-49.375,-17.641,2019,4,125.55,23.7613333333333,95.7245863420017
"305",-49.375,-17.641,2019,5,61.73,22.3506451612903,78.3467656813616
"306",-49.375,-17.641,2019,6,0.02,20.5913333333333,56.8531553336659
"307",-49.375,-17.641,2019,7,0.09,21.0177419354839,62.2794029269051
"308",-49.375,-17.641,2019,8,0.75,25.0993548387097,111.047157054814
"309",-49.375,-17.641,2019,9,17.79,28.872,173.409529966868
"310",-49.375,-17.641,2019,10,75.15,27.7309677419355,164.803816468867
"311",-49.375,-17.641,2019,11,160.86,26.5703333333333,145.131569863715
"312",-49.375,-17.641,2019,12,240.23,24.9583870967742,126.457697906286
"313",-49.375,-17.641,2020,1,232.35,25.0045161290323,123.832391087561
"314",-49.375,-17.641,2020,2,320.44,23.9486206896552,99.1099919046299
"315",-49.375,-17.641,2020,3,116.51,23.8661290322581,105.077407850421
"316",-49.375,-17.641,2020,4,61.33,23.0406666666667,87.2947518980584
"317",-49.375,-17.641,2020,5,16.67,20.1661290322581,57.2220602851927
"318",-49.375,-17.641,2020,6,1.49,21.6676666666667,67.1042153600346
"319",-49.375,-17.641,2020,7,0.36,22.41,76.5376832618178
"320",-49.375,-17.641,2020,8,0.66,24.1483870967742,98.6823529447989
"321",-49.375,-17.641,2020,9,6.64,28.323,163.032413608194
"322",-49.375,-17.641,2020,10,109.28,28.4529032258065,178.329654628513
"323",-49.375,-17.641,2020,11,85.23,25.982,135.42030758082
"324",-49.375,-17.641,2020,12,173.28,25.9464516129032,142.957288081133
"325",-49.375,-17.641,2021,1,97.72,26.078064516129,140.933463011933
"326",-49.375,-17.641,2021,2,225.41,24.9421428571429,112.104509204777
"327",-49.375,-17.641,2021,3,80.55,23.8603225806452,104.488127217071
"328",-49.375,-17.641,2021,4,36.62,23.5636666666667,93.0940807865736
"329",-49.375,-17.641,2021,5,8.98,23.3396774193548,89.5719848767392
"330",-49.375,-17.641,2021,6,8.11,22.4003333333333,73.8505920708816
"331",-49.375,-17.641,2021,7,0.86,20.9564516129032,61.5153845061044
"332",-49.375,-17.641,2021,8,2.44,24.9206451612903,108.483295485232
"333",-49.375,-17.641,2021,9,34.9,29.1866666666667,179.5934062667
"334",-49.375,-17.641,2021,10,172.21,26.6670967741935,145.77429425835
"335",-49.375,-17.641,2021,11,195.4,24.4853333333333,112.205308140185
"336",-49.375,-17.641,2021,12,205.39,24.5667741935484,120.20450321074
"337",-49.375,-17.329,2015,1,90.63,25.6477419354839,133.702390150126
"338",-49.375,-17.329,2015,2,194.43,23.825,97.2405370645477
"339",-49.375,-17.329,2015,3,201.16,23.2506451612903,96.6215659282435
"340",-49.375,-17.329,2015,4,119.23,23.5436666666667,93.1866966405084
"341",-49.375,-17.329,2015,5,22.24,21.2290322580645,66.9486499971662
"342",-49.375,-17.329,2015,6,5,21.1936666666667,62.528757083948
"343",-49.375,-17.329,2015,7,4.01,22.401935483871,76.3790469419995
"344",-49.375,-17.329,2015,8,9.32,24.3196774193548,100.856820862522
"345",-49.375,-17.329,2015,9,49.74,27.491,148.75329000825
"346",-49.375,-17.329,2015,10,86.81,29.2383870967742,194.27499200246
"347",-49.375,-17.329,2015,11,184.95,26.1883333333333,138.601772161556
"348",-49.375,-17.329,2015,12,149.84,25.3387096774194,132.506544236529
"349",-49.375,-17.329,2016,1,305,24.181935483871,110.805833250711
"350",-49.375,-17.329,2016,2,130.08,24.8286206896552,110.25944725812
"351",-49.375,-17.329,2016,3,152.12,24.2664516129032,109.971767513137
"352",-49.375,-17.329,2016,4,4.86,23.952,97.8775147047362
"353",-49.375,-17.329,2016,5,11.71,23.4858064516129,91.2760089256262
"354",-49.375,-17.329,2016,6,4.24,21.9576666666667,69.2793539171096
"355",-49.375,-17.329,2016,7,0,23.2193548387097,84.9253575753625
"356",-49.375,-17.329,2016,8,13.3,25.2445161290323,113.037360856453
"357",-49.375,-17.329,2016,9,13.55,28.165,160.735824888931
"358",-49.375,-17.329,2016,10,112.3,26.6941935483871,146.190376641207
"359",-49.375,-17.329,2016,11,130.14,24.992,119.439758742959
"360",-49.375,-17.329,2016,12,161.16,24.7812903225806,123.224619283991
"361",-49.375,-17.329,2017,1,193.51,24.5703225806452,117.725162232677
"362",-49.375,-17.329,2017,2,136.78,23.8042857142857,97.8658804625242
"363",-49.375,-17.329,2017,3,111.93,24.7090322580645,117.554677921334
"364",-49.375,-17.329,2017,4,110.6,24.0243333333333,100.092267591116
"365",-49.375,-17.329,2017,5,66.43,23.021935483871,87.2408742689835
"366",-49.375,-17.329,2017,6,0.97,21.8093333333333,69.4699110073636
"367",-49.375,-17.329,2017,7,0,20.2738709677419,57.153714856804
"368",-49.375,-17.329,2017,8,0.05,25.09,111.729092391046
"369",-49.375,-17.329,2017,9,17.3,26.5986666666667,134.268629815963
"370",-49.375,-17.329,2017,10,68.6,28.2174193548387,173.176683412919
"371",-49.375,-17.329,2017,11,294.56,24.308,110.672496142711
"372",-49.375,-17.329,2017,12,199.9,24.0070967741935,112.91351570215
"373",-49.375,-17.329,2018,1,227.73,24.0187096774194,111.515497108849
"374",-49.375,-17.329,2018,2,209.98,23.9203571428571,100.877857062821
"375",-49.375,-17.329,2018,3,109.77,24.3583870967742,114.011649668219
"376",-49.375,-17.329,2018,4,115.66,22.168,80.4628569567489
"377",-49.375,-17.329,2018,5,9.49,20.4174193548387,62.9010381291665
"378",-49.375,-17.329,2018,6,0.27,21.751,70.9467945544862
"379",-49.375,-17.329,2018,7,0,22.0661290322581,75.9961025720805
"380",-49.375,-17.329,2018,8,6.31,24.741935483871,108.224606024776
"381",-49.375,-17.329,2018,9,42.06,26.5106666666667,133.016082968728
"382",-49.375,-17.329,2018,10,188.32,25.6745161290323,130.608637657528
"383",-49.375,-17.329,2018,11,272.46,23.7606666666667,104.976259533571
"384",-49.375,-17.329,2018,12,180.27,24.4745161290323,121.209788026984
"385",-49.375,-17.329,2019,1,111.69,24.8012903225806,120.281737591976
"386",-49.375,-17.329,2019,2,204.91,24.5103571428571,106.112486719784
"387",-49.375,-17.329,2019,3,176.35,23.951935483871,105.852034809197
"388",-49.375,-17.329,2019,4,125.55,23.7613333333333,95.7479584500095
"389",-49.375,-17.329,2019,5,61.73,22.3506451612903,78.4290642700127
"390",-49.375,-17.329,2019,6,0.02,20.5913333333333,56.9487483366167
"391",-49.375,-17.329,2019,7,0.09,21.0177419354839,62.3917551503824
"392",-49.375,-17.329,2019,8,0.75,25.0993548387097,111.196757023923
"393",-49.375,-17.329,2019,9,17.79,28.872,173.506523248897
"394",-49.375,-17.329,2019,10,75.15,27.7309677419355,164.762457055607
"395",-49.375,-17.329,2019,11,160.86,26.5703333333333,144.989982162547
"396",-49.375,-17.329,2019,12,240.23,24.9583870967742,126.276543255433
"397",-49.375,-17.329,2020,1,232.35,25.0045161290323,123.646213248727
"398",-49.375,-17.329,2020,2,320.44,23.9486206896552,98.9956746289168
"399",-49.375,-17.329,2020,3,116.51,23.8661290322581,105.018110454917
"400",-49.375,-17.329,2020,4,61.33,23.0406666666667,87.3160657783042
"401",-49.375,-17.329,2020,5,16.67,20.1661290322581,57.2821686350426
"402",-49.375,-17.329,2020,6,1.49,21.6676666666667,67.21704451471
"403",-49.375,-17.329,2020,7,0.36,22.41,76.6757574643653
"404",-49.375,-17.329,2020,8,0.66,24.1483870967742,98.8152953572273
"405",-49.375,-17.329,2020,9,6.64,28.323,163.123602649973
"406",-49.375,-17.329,2020,10,109.28,28.4529032258065,178.284900750596
"407",-49.375,-17.329,2020,11,85.23,25.982,135.288194009253
"408",-49.375,-17.329,2020,12,173.28,25.9464516129032,142.752497245636
"409",-49.375,-17.329,2021,1,97.72,26.078064516129,140.721574286111
"410",-49.375,-17.329,2021,2,225.41,24.9421428571429,111.975203553135
"411",-49.375,-17.329,2021,3,80.55,23.8603225806452,104.429162365046
"412",-49.375,-17.329,2021,4,36.62,23.5636666666667,93.1168106305371
"413",-49.375,-17.329,2021,5,8.98,23.3396774193548,89.6660748863768
"414",-49.375,-17.329,2021,6,8.11,22.4003333333333,73.9747645961235
"415",-49.375,-17.329,2021,7,0.86,20.9564516129032,61.6263584381351
"416",-49.375,-17.329,2021,8,2.44,24.9206451612903,108.629441483778
"417",-49.375,-17.329,2021,9,34.9,29.1866666666667,179.693858380883
"418",-49.375,-17.329,2021,10,172.21,26.6670967741935,145.737710522559
"419",-49.375,-17.329,2021,11,195.4,24.4853333333333,112.095842696841
"420",-49.375,-17.329,2021,12,205.39,24.5667741935484,120.032306459016
"421",-49.375,-17.017,2015,1,75.85,25.6203225806452,133.181932138667
"422",-49.375,-17.017,2015,2,198.75,23.8085714285714,97.1568434353161
"423",-49.375,-17.017,2015,3,194.14,23.1616129032258,95.7052685085483
"424",-49.375,-17.017,2015,4,140.26,23.435,92.1278681988692
"425",-49.375,-17.017,2015,5,30.84,21.161935483871,66.6830381779807
"426",-49.375,-17.017,2015,6,2.42,21.1363333333333,62.4101190672383
"427",-49.375,-17.017,2015,7,2.77,22.3770967741936,76.535364591141
"428",-49.375,-17.017,2015,8,11.22,24.4158064516129,102.440271046856
"429",-49.375,-17.017,2015,9,48.67,27.4403333333333,147.912515659608
"430",-49.375,-17.017,2015,10,90.38,29.1861290322581,192.810694985019
"431",-49.375,-17.017,2015,11,222.23,25.8396666666667,132.895819782444
"432",-49.375,-17.017,2015,12,153.56,25.1948387096774,130.1533828909
"433",-49.375,-17.017,2016,1,366.56,23.7932258064516,105.90503309033
"434",-49.375,-17.017,2016,2,140.24,24.58,107.269364560154
"435",-49.375,-17.017,2016,3,140.39,24.1035483870968,108.315796842408
"436",-49.375,-17.017,2016,4,8.13,23.619,94.4100954102872
"437",-49.375,-17.017,2016,5,18.58,23.1651612903226,88.2898068433868
"438",-49.375,-17.017,2016,6,0.72,22.0736666666667,71.4216744013155
"439",-49.375,-17.017,2016,7,0,23.3209677419355,87.0158946694144
"440",-49.375,-17.017,2016,8,16.31,25.2490322580645,113.684348333012
"441",-49.375,-17.017,2016,9,21.26,27.9853333333333,157.20011975112
"442",-49.375,-17.017,2016,10,138.77,26.3274193548387,140.070107394369
"443",-49.375,-17.017,2016,11,144.34,24.494,112.60732241389
"444",-49.375,-17.017,2016,12,160.43,24.3867741935484,117.661578760046
"445",-49.375,-17.017,2017,1,185.45,24.3835483870968,115.143608226257
"446",-49.375,-17.017,2017,2,159.66,23.4921428571429,94.2421221476571
"447",-49.375,-17.017,2017,3,122.28,24.4109677419355,113.51383928454
"448",-49.375,-17.017,2017,4,116.56,23.7023333333333,96.4102112770412
"449",-49.375,-17.017,2017,5,60.7,22.9593548387097,86.9791850562416
"450",-49.375,-17.017,2017,6,0.32,21.9106666666667,70.9670379693969
"451",-49.375,-17.017,2017,7,0,20.418064516129,58.9459837847733
"452",-49.375,-17.017,2017,8,0.01,25.1687096774194,113.13889231573
"453",-49.375,-17.017,2017,9,16.95,26.527,133.271053156137
"454",-49.375,-17.017,2017,10,72.62,28.1406451612903,171.454188234912
"455",-49.375,-17.017,2017,11,254.81,24.1953333333333,109.314788038664
"456",-49.375,-17.017,2017,12,214.84,23.8796774193548,111.289130040028
"457",-49.375,-17.017,2018,1,208.61,23.9709677419355,110.90687054183
"458",-49.375,-17.017,2018,2,225.66,23.7825,99.2792602741547
"459",-49.375,-17.017,2018,3,128.33,24.0732258064516,110.312211270334
"460",-49.375,-17.017,2018,4,143.97,22.0896666666667,79.9189370278143
"461",-49.375,-17.017,2018,5,12.46,20.4403225806452,63.4634693679537
"462",-49.375,-17.017,2018,6,0.13,21.6176666666667,70.0627111428849
"463",-49.375,-17.017,2018,7,0,22.111935483871,76.8386676989754
"464",-49.375,-17.017,2018,8,11.24,24.7903225806452,109.11682326533
"465",-49.375,-17.017,2018,9,32.85,26.7513333333333,136.605226149625
"466",-49.375,-17.017,2018,10,194.86,25.4445161290323,127.307932624587
"467",-49.375,-17.017,2018,11,236.44,23.6673333333333,103.893964067366
"468",-49.375,-17.017,2018,12,186.81,24.268064516129,118.286550575479
"469",-49.375,-17.017,2019,1,111.32,24.64,117.638223772731
"470",-49.375,-17.017,2019,2,197.49,24.4285714285714,104.854401478795
"471",-49.375,-17.017,2019,3,172.46,23.8248387096774,104.00352226206
"472",-49.375,-17.017,2019,4,145.01,23.7686666666667,95.8267886474841
"473",-49.375,-17.017,2019,5,60.83,22.3645161290323,78.6182231748109
"474",-49.375,-17.017,2019,6,0.11,20.9473333333333,60.1448510239512
"475",-49.375,-17.017,2019,7,0.19,21.3051612903226,65.173917491505
"476",-49.375,-17.017,2019,8,0.16,25.2074193548387,112.832526583492
"477",-49.375,-17.017,2019,9,14.82,28.8626666666667,173.467035923058
"478",-49.375,-17.017,2019,10,80.56,27.7090322580645,164.32954542381
"479",-49.375,-17.017,2019,11,145.33,26.3516666666667,141.137094795047
"480",-49.375,-17.017,2019,12,206.23,25.0022580645161,126.76326483361
"481",-49.375,-17.017,2020,1,260.83,24.8929032258065,122.250942348453
"482",-49.375,-17.017,2020,2,319.6,23.8541379310345,98.303308903549
"483",-49.375,-17.017,2020,3,139.92,23.7867741935484,104.563314474685
"484",-49.375,-17.017,2020,4,95.33,22.9123333333333,86.5804653548253
"485",-49.375,-17.017,2020,5,9.98,20.1061290322581,57.7236233081407
"486",-49.375,-17.017,2020,6,1.25,21.2793333333333,64.4684256611722
"487",-49.375,-17.017,2020,7,0.29,22.0409677419355,73.7442957233872
"488",-49.375,-17.017,2020,8,0.43,24.1,98.9093546952587
"489",-49.375,-17.017,2020,9,6.53,28.141,159.539479063334
"490",-49.375,-17.017,2020,10,112.16,27.8251612903226,165.955711035762
"491",-49.375,-17.017,2020,11,91.51,25.7356666666667,131.505633773968
"492",-49.375,-17.017,2020,12,149.84,25.8432258064516,141.072106922915
"493",-49.375,-17.017,2021,1,107.76,25.8674193548387,137.159405211667
"494",-49.375,-17.017,2021,2,245.97,24.4975,106.052515527126
"495",-49.375,-17.017,2021,3,94.46,23.5667741935484,100.871735933728
"496",-49.375,-17.017,2021,4,44.28,23.214,89.3420764369246
"497",-49.375,-17.017,2021,5,6.15,23.2125806451613,88.7105570790759
"498",-49.375,-17.017,2021,6,9.4,22.4916666666667,75.5505497175877
"499",-49.375,-17.017,2021,7,0.46,21.2925806451613,65.4706986766097
"500",-49.375,-17.017,2021,8,2.89,25.0041935483871,110.218573639262
"501",-49.375,-17.017,2021,9,48.49,29.0873333333333,177.343733722202
"502",-49.375,-17.017,2021,10,132.4,26.6312903225806,145.129775605988
"503",-49.375,-17.017,2021,11,210.83,24.182,108.099280176473
"504",-49.375,-17.017,2021,12,205.61,24.3264516129032,116.637454390659
"505",-49.375,-16.704,2015,1,79.1,24.9277419354839,123.106000577965
"506",-49.375,-16.704,2015,2,231.47,23.255,91.63140389539
"507",-49.375,-16.704,2015,3,185.45,22.6393548387097,90.7881635974094
"508",-49.375,-16.704,2015,4,141.15,23.0193333333333,88.6422397050351
"509",-49.375,-16.704,2015,5,33.88,20.7577419354839,64.6767161270289
"510",-49.375,-16.704,2015,6,0.31,20.5623333333333,59.103154040751
"511",-49.375,-16.704,2015,7,1.99,21.8693548387097,73.0223924586333
"512",-49.375,-16.704,2015,8,10.25,24.0477419354839,99.0204157930867
"513",-49.375,-16.704,2015,9,40.09,27.278,144.97172923833
"514",-49.375,-16.704,2015,10,76.66,29.1606451612903,190.389188080533
"515",-49.375,-16.704,2015,11,231.84,25.3713333333333,126.180612894405
"516",-49.375,-16.704,2015,12,165.91,24.7909677419355,124.660102310741
"517",-49.375,-16.704,2016,1,420.8,23.1929032258065,99.9424321235712
"518",-49.375,-16.704,2016,2,146.09,23.9451724137931,100.554097153026
"519",-49.375,-16.704,2016,3,141.47,23.601935483871,103.465547430536
"520",-49.375,-16.704,2016,4,18.93,22.814,86.9938571507932
"521",-49.375,-16.704,2016,5,22.59,22.3248387096774,81.131597516155
"522",-49.375,-16.704,2016,6,0.06,21.6706666666667,69.8865517398122
"523",-49.375,-16.704,2016,7,0,22.9409677419355,84.9000867310792
"524",-49.375,-16.704,2016,8,19.59,24.9016129032258,110.287709045089
"525",-49.375,-16.704,2016,9,32.04,27.3406666666667,145.770959905366
"526",-49.375,-16.704,2016,10,172.84,25.6493548387097,129.998973476694
"527",-49.375,-16.704,2016,11,180.19,23.7103333333333,103.684194660515
"528",-49.375,-16.704,2016,12,161.63,23.6467741935484,108.908529176261
"529",-49.375,-16.704,2017,1,190.13,23.7070967741935,107.477877050915
"530",-49.375,-16.704,2017,2,179.64,22.8132142857143,88.1945682144494
"531",-49.375,-16.704,2017,3,149.49,23.651935483871,104.994513064173
"532",-49.375,-16.704,2017,4,114.56,23.011,90.1567418626307
"533",-49.375,-16.704,2017,5,51.63,22.168064516129,80.5239866911295
"534",-49.375,-16.704,2017,6,0.15,21.2723333333333,67.2604869636181
"535",-49.375,-16.704,2017,7,0.02,19.808064516129,56.3503042980673
"536",-49.375,-16.704,2017,8,0.02,24.7351612903226,108.698640359606
"537",-49.375,-16.704,2017,9,16.38,26.0536666666667,126.698649116471
"538",-49.375,-16.704,2017,10,71.81,27.6893548387097,162.270054338652
"539",-49.375,-16.704,2017,11,231.04,23.7406666666667,104.929146345868
"540",-49.375,-16.704,2017,12,233.45,23.3529032258065,105.970388654305
"541",-49.375,-16.704,2018,1,198.57,23.478064516129,105.452461738518
"542",-49.375,-16.704,2018,2,227.83,23.2939285714286,94.50272151686
"543",-49.375,-16.704,2018,3,143.16,23.56,104.718860929583
"544",-49.375,-16.704,2018,4,142.35,21.763,77.9573989766211
"545",-49.375,-16.704,2018,5,17.84,20.1796774193548,62.7545225513829
"546",-49.375,-16.704,2018,6,0.02,21.2243333333333,67.9151588245987
"547",-49.375,-16.704,2018,7,0,21.8716129032258,75.8982830825614
"548",-49.375,-16.704,2018,8,13.89,24.5790322580645,107.326361559612
"549",-49.375,-16.704,2018,9,26.5,26.599,134.397654620666
"550",-49.375,-16.704,2018,10,195.15,25.0877419354839,122.803708768305
"551",-49.375,-16.704,2018,11,203.63,23.222,99.444407175614
"552",-49.375,-16.704,2018,12,193.7,23.6441935483871,110.711832040303
"553",-49.375,-16.704,2019,1,105.76,24.1558064516129,111.37769426411
"554",-49.375,-16.704,2019,2,200.25,23.9867857142857,99.8688179452047
"555",-49.375,-16.704,2019,3,178.67,23.4083870967742,99.5207117347185
"556",-49.375,-16.704,2019,4,141.25,23.3993333333333,92.3434845417974
"557",-49.375,-16.704,2019,5,47.34,22.0809677419355,76.9033630977267
"558",-49.375,-16.704,2019,6,0.35,20.975,61.8053433954808
"559",-49.375,-16.704,2019,7,0.53,21.3216129032258,66.7705248378821
"560",-49.375,-16.704,2019,8,0.07,24.9370967741935,109.915505671776
"561",-49.375,-16.704,2019,9,11.94,28.4056666666667,164.248350560615
"562",-49.375,-16.704,2019,10,83.19,27.418064516129,158.619308559761
"563",-49.375,-16.704,2019,11,127.16,25.8703333333333,133.487231297484
"564",-49.375,-16.704,2019,12,183.19,24.6522580645161,121.992744880756
"565",-49.375,-16.704,2020,1,290.12,24.3322580645161,115.628497947903
"566",-49.375,-16.704,2020,2,315.04,23.4337931034483,95.0431158087437
"567",-49.375,-16.704,2020,3,168.65,23.2187096774194,99.3565667805099
"568",-49.375,-16.704,2020,4,130.15,22.411,83.3489089434679
"569",-49.375,-16.704,2020,5,8.26,19.7264516129032,57.3591385459762
"570",-49.375,-16.704,2020,6,1.09,20.423,59.5885121735896
"571",-49.375,-16.704,2020,7,0.46,21.1329032258065,67.5719748864997
"572",-49.375,-16.704,2020,8,0.19,23.4225806451613,92.7874019632251
"573",-49.375,-16.704,2020,9,5.96,27.532,148.489943295334
"574",-49.375,-16.704,2020,10,138.28,26.8483870967742,148.580556173064
"575",-49.375,-16.704,2020,11,97.99,24.9373333333333,120.674610822679
"576",-49.375,-16.704,2020,12,131.44,25.2196774193548,131.97034311871
"577",-49.375,-16.704,2021,1,128.02,25.0925806451613,125.856675703606
"578",-49.375,-16.704,2021,2,247.92,23.6428571428571,96.7373206613442
"579",-49.375,-16.704,2021,3,113.04,22.8896774193548,94.3942471081007
"580",-49.375,-16.704,2021,4,59.91,22.2963333333333,81.1550242672969
"581",-49.375,-16.704,2021,5,3.34,22.6041935483871,83.9898959852301
"582",-49.375,-16.704,2021,6,11.01,22.0773333333333,73.6485504364387
"583",-49.375,-16.704,2021,7,0.31,21.2738709677419,67.8480526412062
"584",-49.375,-16.704,2021,8,3.76,24.6654838709677,107.149392480324
"585",-49.375,-16.704,2021,9,49.37,28.4553333333333,164.053281030424
"586",-49.375,-16.704,2021,10,126.27,26.1277419354839,137.220844809005
"587",-49.375,-16.704,2021,11,284.04,23.48,100.606690339733
"588",-49.375,-16.704,2021,12,237.49,23.4977419354839,106.74992431741
"589",-49.375,-16.392,2015,1,79.1,24.9277419354839,122.922115134679
"590",-49.375,-16.392,2015,2,231.47,23.255,91.5264626927794
"591",-49.375,-16.392,2015,3,185.45,22.6393548387097,90.7373608951867
"592",-49.375,-16.392,2015,4,141.15,23.0193333333333,88.6636509005089
"593",-49.375,-16.392,2015,5,33.88,20.7577419354839,64.7437426488073
"594",-49.375,-16.392,2015,6,0.31,20.5623333333333,59.2009599808071
"595",-49.375,-16.392,2015,7,1.99,21.8693548387097,73.1519803055054
"596",-49.375,-16.392,2015,8,10.25,24.0477419354839,99.1518763144044
"597",-49.375,-16.392,2015,9,40.09,27.278,145.051865644733
"598",-49.375,-16.392,2015,10,76.66,29.1606451612903,190.341849229401
"599",-49.375,-16.392,2015,11,231.84,25.3713333333333,126.058431393861
"600",-49.375,-16.392,2015,12,165.91,24.7909677419355,124.482700969064
"601",-49.375,-16.392,2016,1,420.8,23.1929032258065,99.7931464807281
"602",-49.375,-16.392,2016,2,146.09,23.9451724137931,100.438937203118
"603",-49.375,-16.392,2016,3,141.47,23.601935483871,103.407650793044
"604",-49.375,-16.392,2016,4,18.93,22.814,87.0148701857376
"605",-49.375,-16.392,2016,5,22.59,22.3248387096774,81.2156767507462
"606",-49.375,-16.392,2016,6,0.06,21.6706666666667,70.0022024187164
"607",-49.375,-16.392,2016,7,0,22.9409677419355,85.05075310982
"608",-49.375,-16.392,2016,8,19.59,24.9016129032258,110.434128140686
"609",-49.375,-16.392,2016,9,32.04,27.3406666666667,145.851538104619
"610",-49.375,-16.392,2016,10,172.84,25.6493548387097,129.966650201854
"611",-49.375,-16.392,2016,11,180.19,23.7103333333333,103.583796586708
"612",-49.375,-16.392,2016,12,161.63,23.6467741935484,108.753543588749
"613",-49.375,-16.392,2017,1,190.13,23.7070967741935,107.317335590937
"614",-49.375,-16.392,2017,2,179.64,22.8132142857143,88.0935630605536
"615",-49.375,-16.392,2017,3,149.49,23.651935483871,104.935760857158
"616",-49.375,-16.392,2017,4,114.56,23.011,90.1785188803338
"617",-49.375,-16.392,2017,5,51.63,22.168064516129,80.6074362394497
"618",-49.375,-16.392,2017,6,0.15,21.2723333333333,67.3717919398563
"619",-49.375,-16.392,2017,7,0.02,19.808064516129,56.4503053300618
"620",-49.375,-16.392,2017,8,0.02,24.7351612903226,108.84294979129
"621",-49.375,-16.392,2017,9,16.38,26.0536666666667,126.768684664019
"622",-49.375,-16.392,2017,10,71.81,27.6893548387097,162.229707100329
"623",-49.375,-16.392,2017,11,231.04,23.7406666666667,104.827542777323
"624",-49.375,-16.392,2017,12,233.45,23.3529032258065,105.819584276827
"625",-49.375,-16.392,2018,1,198.57,23.478064516129,105.294945674465
"626",-49.375,-16.392,2018,2,227.83,23.2939285714286,94.3944919271739
"627",-49.375,-16.392,2018,3,143.16,23.56,104.660262970354
"628",-49.375,-16.392,2018,4,142.35,21.763,77.976229289502
"629",-49.375,-16.392,2018,5,17.84,20.1796774193548,62.8195570433046
"630",-49.375,-16.392,2018,6,0.02,21.2243333333333,68.0275471744374
"631",-49.375,-16.392,2018,7,0,21.8716129032258,76.0329745758801
"632",-49.375,-16.392,2018,8,13.89,24.5790322580645,107.468849139863
"633",-49.375,-16.392,2018,9,26.5,26.599,134.471945967861
"634",-49.375,-16.392,2018,10,195.15,25.0877419354839,122.773174542352
"635",-49.375,-16.392,2018,11,203.63,23.222,99.3481145153492
"636",-49.375,-16.392,2018,12,193.7,23.6441935483871,110.554280207925
"637",-49.375,-16.392,2019,1,105.76,24.1558064516129,111.211327583479
"638",-49.375,-16.392,2019,2,200.25,23.9867857142857,99.7544428138312
"639",-49.375,-16.392,2019,3,178.67,23.4083870967742,99.4650225249921
"640",-49.375,-16.392,2019,4,141.25,23.3993333333333,92.3657897588681
"641",-49.375,-16.392,2019,5,47.34,22.0809677419355,76.9830604795693
"642",-49.375,-16.392,2019,6,0.35,20.975,61.907621011784
"643",-49.375,-16.392,2019,7,0.53,21.3216129032258,66.8890179227692
"644",-49.375,-16.392,2019,8,0.07,24.9370967741935,110.06143062635
"645",-49.375,-16.392,2019,9,11.94,28.4056666666667,164.339142555996
"646",-49.375,-16.392,2019,10,83.19,27.418064516129,158.579869052137
"647",-49.375,-16.392,2019,11,127.16,25.8703333333333,133.357974751257
"648",-49.375,-16.392,2019,12,183.19,24.6522580645161,121.819139403017
"649",-49.375,-16.392,2020,1,290.12,24.3322580645161,115.455781772398
"650",-49.375,-16.392,2020,2,315.04,23.4337931034483,94.9342673305057
"651",-49.375,-16.392,2020,3,168.65,23.2187096774194,99.3009694220435
"652",-49.375,-16.392,2020,4,130.15,22.411,83.3690415550518
"653",-49.375,-16.392,2020,5,8.26,19.7264516129032,57.4185816312032
"654",-49.375,-16.392,2020,6,1.09,20.423,59.6871213010427
"655",-49.375,-16.392,2020,7,0.46,21.1329032258065,67.6918902499876
"656",-49.375,-16.392,2020,8,0.19,23.4225806451613,92.9105874713459
"657",-49.375,-16.392,2020,9,5.96,27.532,148.572024474231
"658",-49.375,-16.392,2020,10,138.28,26.8483870967742,148.543612726323
"659",-49.375,-16.392,2020,11,97.99,24.9373333333333,120.557760819421
"660",-49.375,-16.392,2020,12,131.44,25.2196774193548,131.782538717006
"661",-49.375,-16.392,2021,1,128.02,25.0925806451613,125.668681531969
"662",-49.375,-16.392,2021,2,247.92,23.6428571428571,96.6265318887623
"663",-49.375,-16.392,2021,3,113.04,22.8896774193548,94.3414265350506
"664",-49.375,-16.392,2021,4,59.91,22.2963333333333,81.1746269543911
"665",-49.375,-16.392,2021,5,3.34,22.6041935483871,84.0769373647177
"666",-49.375,-16.392,2021,6,11.01,22.0773333333333,73.7704266006826
"667",-49.375,-16.392,2021,7,0.31,21.2738709677419,67.9684579410081
"668",-49.375,-16.392,2021,8,3.76,24.6654838709677,107.291645114607
"669",-49.375,-16.392,2021,9,49.37,28.4553333333333,164.143965196706
"670",-49.375,-16.392,2021,10,126.27,26.1277419354839,137.18672586974
"671",-49.375,-16.392,2021,11,284.04,23.48,100.50927223319
"672",-49.375,-16.392,2021,12,237.49,23.4977419354839,106.598010598051
"673",-49.063,-18.265,2015,1,137.97,26.3038709677419,144.521713978815
"674",-49.063,-18.265,2015,2,206.51,24.5585714285714,105.097346915051
"675",-49.063,-18.265,2015,3,228.14,24.0648387096774,105.12034277027
"676",-49.063,-18.265,2015,4,75.01,24.2676666666667,100.02305019828
"677",-49.063,-18.265,2015,5,39.58,21.8658064516129,69.9256630216722
"678",-49.063,-18.265,2015,6,10.71,21.83,65.1676881690856
"679",-49.063,-18.265,2015,7,6.54,23.06,80.3649335598794
"680",-49.063,-18.265,2015,8,2.59,25.1193548387097,109.408388744851
"681",-49.063,-18.265,2015,9,49.03,28.3616666666667,165.451625043166
"682",-49.063,-18.265,2015,10,78.64,30.4935483870968,227.618370737808
"683",-49.063,-18.265,2015,11,182.11,26.721,147.708842002947
"684",-49.063,-18.265,2015,12,147.78,26.0074193548387,143.199218446141
"685",-49.063,-18.265,2016,1,280.17,25.1383870967742,124.52535751825
"686",-49.063,-18.265,2016,2,120.61,25.7920689655172,123.963506547658
"687",-49.063,-18.265,2016,3,148.86,25.1216129032258,121.619030766409
"688",-49.063,-18.265,2016,4,4.66,24.978,110.412022619908
"689",-49.063,-18.265,2016,5,18.56,24.0835483870968,96.8826628511096
"690",-49.063,-18.265,2016,6,25.52,21.5076666666667,62.4551580850384
"691",-49.063,-18.265,2016,7,0,23.3383870967742,84.0361262527125
"692",-49.063,-18.265,2016,8,19.66,25.3716129032258,113.350651770373
"693",-49.063,-18.265,2016,9,13.89,27.9306666666667,157.065844445386
"694",-49.063,-18.265,2016,10,125.04,27.3367741935484,158.016481257583
"695",-49.063,-18.265,2016,11,152.31,25.6806666666667,129.591225038222
"696",-49.063,-18.265,2016,12,162.94,25.5451612903226,135.12805016403
"697",-49.063,-18.265,2017,1,193.91,25.0987096774194,124.790693437696
"698",-49.063,-18.265,2017,2,131.09,24.7771428571429,109.494217906815
"699",-49.063,-18.265,2017,3,139.64,25.3167741935484,125.58397877086
"700",-49.063,-18.265,2017,4,89.84,24.906,110.25452769768
"701",-49.063,-18.265,2017,5,74.02,23.6406451612903,92.3351177818838
"702",-49.063,-18.265,2017,6,2.3,22.054,69.2417080638338
"703",-49.063,-18.265,2017,7,0,20.7567741935484,58.5479550567596
"704",-49.063,-18.265,2017,8,0.31,25.531935483871,116.392247130605
"705",-49.063,-18.265,2017,9,19.4,27.058,141.398429425432
"706",-49.063,-18.265,2017,10,78.2,28.6077419354839,182.602945198408
"707",-49.063,-18.265,2017,11,317.41,25.018,119.774445061892
"708",-49.063,-18.265,2017,12,183.58,24.8048387096774,123.655325049003
"709",-49.063,-18.265,2018,1,236.18,24.8822580645161,121.88079355761
"710",-49.063,-18.265,2018,2,174.18,24.7135714285714,109.090694200445
"711",-49.063,-18.265,2018,3,87.6,25.4422580645161,127.974733731108
"712",-49.063,-18.265,2018,4,93.6,23.145,87.8507670255997
"713",-49.063,-18.265,2018,5,17.69,21.9038709677419,73.0882794208131
"714",-49.063,-18.265,2018,6,0.07,23.369,84.0056613689153
"715",-49.063,-18.265,2018,7,0,23.2648387096774,85.0694192855245
"716",-49.063,-18.265,2018,8,6.67,25.1735483870968,111.630285339387
"717",-49.063,-18.265,2018,9,35.67,27.0213333333333,140.755843408637
"718",-49.063,-18.265,2018,10,171.64,26.6816129032258,146.090302922797
"719",-49.063,-18.265,2018,11,335.81,24.5963333333333,113.965162516695
"720",-49.063,-18.265,2018,12,167.48,25.3335483870968,132.737135870392
"721",-49.063,-18.265,2019,1,87.22,26.0135483870968,138.965857866618
"722",-49.063,-18.265,2019,2,242.85,25.5385714285714,119.391738849999
"723",-49.063,-18.265,2019,3,153.36,24.721935483871,114.473524944914
"724",-49.063,-18.265,2019,4,87.09,24.4723333333333,102.335744902757
"725",-49.063,-18.265,2019,5,29.5,23.5993548387097,89.5775039039538
"726",-49.063,-18.265,2019,6,0.31,22.1006666666667,67.2148598803502
"727",-49.063,-18.265,2019,7,0.32,22.1851612903226,69.9297416729195
"728",-49.063,-18.265,2019,8,3.49,25.6409677419355,116.840548255133
"729",-49.063,-18.265,2019,9,29.04,29.4976666666667,189.385726750193
"730",-49.063,-18.265,2019,10,88.18,28.4148387096774,180.22848657205
"731",-49.063,-18.265,2019,11,167.41,27.161,155.978661230702
"732",-49.063,-18.265,2019,12,255.14,25.4267741935484,132.369181991611
"733",-49.063,-18.265,2020,1,248.77,25.8116129032258,135.890026993125
"734",-49.063,-18.265,2020,2,291.24,24.8520689655172,109.631587409223
"735",-49.063,-18.265,2020,3,92.9,24.4987096774194,111.916770249436
"736",-49.063,-18.265,2020,4,37.74,23.916,95.6227063280547
"737",-49.063,-18.265,2020,5,39.21,20.9096774193548,60.6983936925248
"738",-49.063,-18.265,2020,6,2.85,22.4963333333333,72.4468381481437
"739",-49.063,-18.265,2020,7,1.79,23.1861290322581,82.2224784385252
"740",-49.063,-18.265,2020,8,1.16,24.611935483871,102.499345385451
"741",-49.063,-18.265,2020,9,11.86,28.952,176.884379713706
"742",-49.063,-18.265,2020,10,117.39,29.4958064516129,203.192580644767
"743",-49.063,-18.265,2020,11,75.14,26.41,142.1607003504
"744",-49.063,-18.265,2020,12,194.41,26.3558064516129,149.829115375729
"745",-49.063,-18.265,2021,1,98.85,26.7958064516129,153.750625043587
"746",-49.063,-18.265,2021,2,184.55,26.1614285714286,129.810524406761
"747",-49.063,-18.265,2021,3,66.86,25.1406451612903,121.685000312186
"748",-49.063,-18.265,2021,4,50.24,24.435,102.395316267379
"749",-49.063,-18.265,2021,5,27.72,23.7525806451613,92.2320909122449
"750",-49.063,-18.265,2021,6,22.69,22.3693333333333,70.7639626772896
"751",-49.063,-18.265,2021,7,0.36,20.8864516129032,57.8258814436889
"752",-49.063,-18.265,2021,8,4.1,25.3809677419355,113.294422263689
"753",-49.063,-18.265,2021,9,8.65,29.801,195.086574767041
"754",-49.063,-18.265,2021,10,217.64,27.2841935483871,157.038849276599
"755",-49.063,-18.265,2021,11,254.28,25.5276666666667,126.856916282641
"756",-49.063,-18.265,2021,12,272.29,25.0561290322581,126.50183726917
"757",-49.063,-17.329,2015,1,90.63,25.6477419354839,133.702390150126
"758",-49.063,-17.329,2015,2,194.43,23.825,97.2405370645477
"759",-49.063,-17.329,2015,3,201.16,23.2506451612903,96.6215659282435
"760",-49.063,-17.329,2015,4,119.23,23.5436666666667,93.1866966405084
"761",-49.063,-17.329,2015,5,22.24,21.2290322580645,66.9486499971662
"762",-49.063,-17.329,2015,6,5,21.1936666666667,62.528757083948
"763",-49.063,-17.329,2015,7,4.01,22.401935483871,76.3790469419995
"764",-49.063,-17.329,2015,8,9.32,24.3196774193548,100.856820862522
"765",-49.063,-17.329,2015,9,49.74,27.491,148.75329000825
"766",-49.063,-17.329,2015,10,86.81,29.2383870967742,194.27499200246
"767",-49.063,-17.329,2015,11,184.95,26.1883333333333,138.601772161556
"768",-49.063,-17.329,2015,12,149.84,25.3387096774194,132.506544236529
"769",-49.063,-17.329,2016,1,305,24.181935483871,110.805833250711
"770",-49.063,-17.329,2016,2,130.08,24.8286206896552,110.25944725812
"771",-49.063,-17.329,2016,3,152.12,24.2664516129032,109.971767513137
"772",-49.063,-17.329,2016,4,4.86,23.952,97.8775147047362
"773",-49.063,-17.329,2016,5,11.71,23.4858064516129,91.2760089256262
"774",-49.063,-17.329,2016,6,4.24,21.9576666666667,69.2793539171096
"775",-49.063,-17.329,2016,7,0,23.2193548387097,84.9253575753625
"776",-49.063,-17.329,2016,8,13.3,25.2445161290323,113.037360856453
"777",-49.063,-17.329,2016,9,13.55,28.165,160.735824888931
"778",-49.063,-17.329,2016,10,112.3,26.6941935483871,146.190376641207
"779",-49.063,-17.329,2016,11,130.14,24.992,119.439758742959
"780",-49.063,-17.329,2016,12,161.16,24.7812903225806,123.224619283991
"781",-49.063,-17.329,2017,1,193.51,24.5703225806452,117.725162232677
"782",-49.063,-17.329,2017,2,136.78,23.8042857142857,97.8658804625242
"783",-49.063,-17.329,2017,3,111.93,24.7090322580645,117.554677921334
"784",-49.063,-17.329,2017,4,110.6,24.0243333333333,100.092267591116
"785",-49.063,-17.329,2017,5,66.43,23.021935483871,87.2408742689835
"786",-49.063,-17.329,2017,6,0.97,21.8093333333333,69.4699110073636
"787",-49.063,-17.329,2017,7,0,20.2738709677419,57.153714856804
"788",-49.063,-17.329,2017,8,0.05,25.09,111.729092391046
"789",-49.063,-17.329,2017,9,17.3,26.5986666666667,134.268629815963
"790",-49.063,-17.329,2017,10,68.6,28.2174193548387,173.176683412919
"791",-49.063,-17.329,2017,11,294.56,24.308,110.672496142711
"792",-49.063,-17.329,2017,12,199.9,24.0070967741935,112.91351570215
"793",-49.063,-17.329,2018,1,227.73,24.0187096774194,111.515497108849
"794",-49.063,-17.329,2018,2,209.98,23.9203571428571,100.877857062821
"795",-49.063,-17.329,2018,3,109.77,24.3583870967742,114.011649668219
"796",-49.063,-17.329,2018,4,115.66,22.168,80.4628569567489
"797",-49.063,-17.329,2018,5,9.49,20.4174193548387,62.9010381291665
"798",-49.063,-17.329,2018,6,0.27,21.751,70.9467945544862
"799",-49.063,-17.329,2018,7,0,22.0661290322581,75.9961025720805
"800",-49.063,-17.329,2018,8,6.31,24.741935483871,108.224606024776
"801",-49.063,-17.329,2018,9,42.06,26.5106666666667,133.016082968728
"802",-49.063,-17.329,2018,10,188.32,25.6745161290323,130.608637657528
"803",-49.063,-17.329,2018,11,272.46,23.7606666666667,104.976259533571
"804",-49.063,-17.329,2018,12,180.27,24.4745161290323,121.209788026984
"805",-49.063,-17.329,2019,1,111.69,24.8012903225806,120.281737591976
"806",-49.063,-17.329,2019,2,204.91,24.5103571428571,106.112486719784
"807",-49.063,-17.329,2019,3,176.35,23.951935483871,105.852034809197
"808",-49.063,-17.329,2019,4,125.55,23.7613333333333,95.7479584500095
"809",-49.063,-17.329,2019,5,61.73,22.3506451612903,78.4290642700127
"810",-49.063,-17.329,2019,6,0.02,20.5913333333333,56.9487483366167
"811",-49.063,-17.329,2019,7,0.09,21.0177419354839,62.3917551503824
"812",-49.063,-17.329,2019,8,0.75,25.0993548387097,111.196757023923
"813",-49.063,-17.329,2019,9,17.79,28.872,173.506523248897
"814",-49.063,-17.329,2019,10,75.15,27.7309677419355,164.762457055607
"815",-49.063,-17.329,2019,11,160.86,26.5703333333333,144.989982162547
"816",-49.063,-17.329,2019,12,240.23,24.9583870967742,126.276543255433
"817",-49.063,-17.329,2020,1,232.35,25.0045161290323,123.646213248727
"818",-49.063,-17.329,2020,2,320.44,23.9486206896552,98.9956746289168
"819",-49.063,-17.329,2020,3,116.51,23.8661290322581,105.018110454917
"820",-49.063,-17.329,2020,4,61.33,23.0406666666667,87.3160657783042
"821",-49.063,-17.329,2020,5,16.67,20.1661290322581,57.2821686350426
"822",-49.063,-17.329,2020,6,1.49,21.6676666666667,67.21704451471
"823",-49.063,-17.329,2020,7,0.36,22.41,76.6757574643653
"824",-49.063,-17.329,2020,8,0.66,24.1483870967742,98.8152953572273
"825",-49.063,-17.329,2020,9,6.64,28.323,163.123602649973
"826",-49.063,-17.329,2020,10,109.28,28.4529032258065,178.284900750596
"827",-49.063,-17.329,2020,11,85.23,25.982,135.288194009253
"828",-49.063,-17.329,2020,12,173.28,25.9464516129032,142.752497245636
"829",-49.063,-17.329,2021,1,97.72,26.078064516129,140.721574286111
"830",-49.063,-17.329,2021,2,225.41,24.9421428571429,111.975203553135
"831",-49.063,-17.329,2021,3,80.55,23.8603225806452,104.429162365046
"832",-49.063,-17.329,2021,4,36.62,23.5636666666667,93.1168106305371
"833",-49.063,-17.329,2021,5,8.98,23.3396774193548,89.6660748863768
"834",-49.063,-17.329,2021,6,8.11,22.4003333333333,73.9747645961235
"835",-49.063,-17.329,2021,7,0.86,20.9564516129032,61.6263584381351
"836",-49.063,-17.329,2021,8,2.44,24.9206451612903,108.629441483778
"837",-49.063,-17.329,2021,9,34.9,29.1866666666667,179.693858380883
"838",-49.063,-17.329,2021,10,172.21,26.6670967741935,145.737710522559
"839",-49.063,-17.329,2021,11,195.4,24.4853333333333,112.095842696841
"840",-49.063,-17.329,2021,12,205.39,24.5667741935484,120.032306459016
"841",-49.063,-17.017,2015,1,75.85,25.6203225806452,133.181932138667
"842",-49.063,-17.017,2015,2,198.75,23.8085714285714,97.1568434353161
"843",-49.063,-17.017,2015,3,194.14,23.1616129032258,95.7052685085483
"844",-49.063,-17.017,2015,4,140.26,23.435,92.1278681988692
"845",-49.063,-17.017,2015,5,30.84,21.161935483871,66.6830381779807
"846",-49.063,-17.017,2015,6,2.42,21.1363333333333,62.4101190672383
"847",-49.063,-17.017,2015,7,2.77,22.3770967741936,76.535364591141
"848",-49.063,-17.017,2015,8,11.22,24.4158064516129,102.440271046856
"849",-49.063,-17.017,2015,9,48.67,27.4403333333333,147.912515659608
"850",-49.063,-17.017,2015,10,90.38,29.1861290322581,192.810694985019
"851",-49.063,-17.017,2015,11,222.23,25.8396666666667,132.895819782444
"852",-49.063,-17.017,2015,12,153.56,25.1948387096774,130.1533828909
"853",-49.063,-17.017,2016,1,366.56,23.7932258064516,105.90503309033
"854",-49.063,-17.017,2016,2,140.24,24.58,107.269364560154
"855",-49.063,-17.017,2016,3,140.39,24.1035483870968,108.315796842408
"856",-49.063,-17.017,2016,4,8.13,23.619,94.4100954102872
"857",-49.063,-17.017,2016,5,18.58,23.1651612903226,88.2898068433868
"858",-49.063,-17.017,2016,6,0.72,22.0736666666667,71.4216744013155
"859",-49.063,-17.017,2016,7,0,23.3209677419355,87.0158946694144
"860",-49.063,-17.017,2016,8,16.31,25.2490322580645,113.684348333012
"861",-49.063,-17.017,2016,9,21.26,27.9853333333333,157.20011975112
"862",-49.063,-17.017,2016,10,138.77,26.3274193548387,140.070107394369
"863",-49.063,-17.017,2016,11,144.34,24.494,112.60732241389
"864",-49.063,-17.017,2016,12,160.43,24.3867741935484,117.661578760046
"865",-49.063,-17.017,2017,1,185.45,24.3835483870968,115.143608226257
"866",-49.063,-17.017,2017,2,159.66,23.4921428571429,94.2421221476571
"867",-49.063,-17.017,2017,3,122.28,24.4109677419355,113.51383928454
"868",-49.063,-17.017,2017,4,116.56,23.7023333333333,96.4102112770412
"869",-49.063,-17.017,2017,5,60.7,22.9593548387097,86.9791850562416
"870",-49.063,-17.017,2017,6,0.32,21.9106666666667,70.9670379693969
"871",-49.063,-17.017,2017,7,0,20.418064516129,58.9459837847733
"872",-49.063,-17.017,2017,8,0.01,25.1687096774194,113.13889231573
"873",-49.063,-17.017,2017,9,16.95,26.527,133.271053156137
"874",-49.063,-17.017,2017,10,72.62,28.1406451612903,171.454188234912
"875",-49.063,-17.017,2017,11,254.81,24.1953333333333,109.314788038664
"876",-49.063,-17.017,2017,12,214.84,23.8796774193548,111.289130040028
"877",-49.063,-17.017,2018,1,208.61,23.9709677419355,110.90687054183
"878",-49.063,-17.017,2018,2,225.66,23.7825,99.2792602741547
"879",-49.063,-17.017,2018,3,128.33,24.0732258064516,110.312211270334
"880",-49.063,-17.017,2018,4,143.97,22.0896666666667,79.9189370278143
"881",-49.063,-17.017,2018,5,12.46,20.4403225806452,63.4634693679537
"882",-49.063,-17.017,2018,6,0.13,21.6176666666667,70.0627111428849
"883",-49.063,-17.017,2018,7,0,22.111935483871,76.8386676989754
"884",-49.063,-17.017,2018,8,11.24,24.7903225806452,109.11682326533
"885",-49.063,-17.017,2018,9,32.85,26.7513333333333,136.605226149625
"886",-49.063,-17.017,2018,10,194.86,25.4445161290323,127.307932624587
"887",-49.063,-17.017,2018,11,236.44,23.6673333333333,103.893964067366
"888",-49.063,-17.017,2018,12,186.81,24.268064516129,118.286550575479
"889",-49.063,-17.017,2019,1,111.32,24.64,117.638223772731
"890",-49.063,-17.017,2019,2,197.49,24.4285714285714,104.854401478795
"891",-49.063,-17.017,2019,3,172.46,23.8248387096774,104.00352226206
"892",-49.063,-17.017,2019,4,145.01,23.7686666666667,95.8267886474841
"893",-49.063,-17.017,2019,5,60.83,22.3645161290323,78.6182231748109
"894",-49.063,-17.017,2019,6,0.11,20.9473333333333,60.1448510239512
"895",-49.063,-17.017,2019,7,0.19,21.3051612903226,65.173917491505
"896",-49.063,-17.017,2019,8,0.16,25.2074193548387,112.832526583492
"897",-49.063,-17.017,2019,9,14.82,28.8626666666667,173.467035923058
"898",-49.063,-17.017,2019,10,80.56,27.7090322580645,164.32954542381
"899",-49.063,-17.017,2019,11,145.33,26.3516666666667,141.137094795047
"900",-49.063,-17.017,2019,12,206.23,25.0022580645161,126.76326483361
"901",-49.063,-17.017,2020,1,260.83,24.8929032258065,122.250942348453
"902",-49.063,-17.017,2020,2,319.6,23.8541379310345,98.303308903549
"903",-49.063,-17.017,2020,3,139.92,23.7867741935484,104.563314474685
"904",-49.063,-17.017,2020,4,95.33,22.9123333333333,86.5804653548253
"905",-49.063,-17.017,2020,5,9.98,20.1061290322581,57.7236233081407
"906",-49.063,-17.017,2020,6,1.25,21.2793333333333,64.4684256611722
"907",-49.063,-17.017,2020,7,0.29,22.0409677419355,73.7442957233872
"908",-49.063,-17.017,2020,8,0.43,24.1,98.9093546952587
"909",-49.063,-17.017,2020,9,6.53,28.141,159.539479063334
"910",-49.063,-17.017,2020,10,112.16,27.8251612903226,165.955711035762
"911",-49.063,-17.017,2020,11,91.51,25.7356666666667,131.505633773968
"912",-49.063,-17.017,2020,12,149.84,25.8432258064516,141.072106922915
"913",-49.063,-17.017,2021,1,107.76,25.8674193548387,137.159405211667
"914",-49.063,-17.017,2021,2,245.97,24.4975,106.052515527126
"915",-49.063,-17.017,2021,3,94.46,23.5667741935484,100.871735933728
"916",-49.063,-17.017,2021,4,44.28,23.214,89.3420764369246
"917",-49.063,-17.017,2021,5,6.15,23.2125806451613,88.7105570790759
"918",-49.063,-17.017,2021,6,9.4,22.4916666666667,75.5505497175877
"919",-49.063,-17.017,2021,7,0.46,21.2925806451613,65.4706986766097
"920",-49.063,-17.017,2021,8,2.89,25.0041935483871,110.218573639262
"921",-49.063,-17.017,2021,9,48.49,29.0873333333333,177.343733722202
"922",-49.063,-17.017,2021,10,132.4,26.6312903225806,145.129775605988
"923",-49.063,-17.017,2021,11,210.83,24.182,108.099280176473
"924",-49.063,-17.017,2021,12,205.61,24.3264516129032,116.637454390659
"925",-49.063,-16.704,2015,1,79.1,24.9277419354839,123.106000577965
"926",-49.063,-16.704,2015,2,231.47,23.255,91.63140389539
"927",-49.063,-16.704,2015,3,185.45,22.6393548387097,90.7881635974094
"928",-49.063,-16.704,2015,4,141.15,23.0193333333333,88.6422397050351
"929",-49.063,-16.704,2015,5,33.88,20.7577419354839,64.6767161270289
"930",-49.063,-16.704,2015,6,0.31,20.5623333333333,59.103154040751
"931",-49.063,-16.704,2015,7,1.99,21.8693548387097,73.0223924586333
"932",-49.063,-16.704,2015,8,10.25,24.0477419354839,99.0204157930867
"933",-49.063,-16.704,2015,9,40.09,27.278,144.97172923833
"934",-49.063,-16.704,2015,10,76.66,29.1606451612903,190.389188080533
"935",-49.063,-16.704,2015,11,231.84,25.3713333333333,126.180612894405
"936",-49.063,-16.704,2015,12,165.91,24.7909677419355,124.660102310741
"937",-49.063,-16.704,2016,1,420.8,23.1929032258065,99.9424321235712
"938",-49.063,-16.704,2016,2,146.09,23.9451724137931,100.554097153026
"939",-49.063,-16.704,2016,3,141.47,23.601935483871,103.465547430536
"940",-49.063,-16.704,2016,4,18.93,22.814,86.9938571507932
"941",-49.063,-16.704,2016,5,22.59,22.3248387096774,81.131597516155
"942",-49.063,-16.704,2016,6,0.06,21.6706666666667,69.8865517398122
"943",-49.063,-16.704,2016,7,0,22.9409677419355,84.9000867310792
"944",-49.063,-16.704,2016,8,19.59,24.9016129032258,110.287709045089
"945",-49.063,-16.704,2016,9,32.04,27.3406666666667,145.770959905366
"946",-49.063,-16.704,2016,10,172.84,25.6493548387097,129.998973476694
"947",-49.063,-16.704,2016,11,180.19,23.7103333333333,103.684194660515
"948",-49.063,-16.704,2016,12,161.63,23.6467741935484,108.908529176261
"949",-49.063,-16.704,2017,1,190.13,23.7070967741935,107.477877050915
"950",-49.063,-16.704,2017,2,179.64,22.8132142857143,88.1945682144494
"951",-49.063,-16.704,2017,3,149.49,23.651935483871,104.994513064173
"952",-49.063,-16.704,2017,4,114.56,23.011,90.1567418626307
"953",-49.063,-16.704,2017,5,51.63,22.168064516129,80.5239866911295
"954",-49.063,-16.704,2017,6,0.15,21.2723333333333,67.2604869636181
"955",-49.063,-16.704,2017,7,0.02,19.808064516129,56.3503042980673
"956",-49.063,-16.704,2017,8,0.02,24.7351612903226,108.698640359606
"957",-49.063,-16.704,2017,9,16.38,26.0536666666667,126.698649116471
"958",-49.063,-16.704,2017,10,71.81,27.6893548387097,162.270054338652
"959",-49.063,-16.704,2017,11,231.04,23.7406666666667,104.929146345868
"960",-49.063,-16.704,2017,12,233.45,23.3529032258065,105.970388654305
"961",-49.063,-16.704,2018,1,198.57,23.478064516129,105.452461738518
"962",-49.063,-16.704,2018,2,227.83,23.2939285714286,94.50272151686
"963",-49.063,-16.704,2018,3,143.16,23.56,104.718860929583
"964",-49.063,-16.704,2018,4,142.35,21.763,77.9573989766211
"965",-49.063,-16.704,2018,5,17.84,20.1796774193548,62.7545225513829
"966",-49.063,-16.704,2018,6,0.02,21.2243333333333,67.9151588245987
"967",-49.063,-16.704,2018,7,0,21.8716129032258,75.8982830825614
"968",-49.063,-16.704,2018,8,13.89,24.5790322580645,107.326361559612
"969",-49.063,-16.704,2018,9,26.5,26.599,134.397654620666
"970",-49.063,-16.704,2018,10,195.15,25.0877419354839,122.803708768305
"971",-49.063,-16.704,2018,11,203.63,23.222,99.444407175614
"972",-49.063,-16.704,2018,12,193.7,23.6441935483871,110.711832040303
"973",-49.063,-16.704,2019,1,105.76,24.1558064516129,111.37769426411
"974",-49.063,-16.704,2019,2,200.25,23.9867857142857,99.8688179452047
"975",-49.063,-16.704,2019,3,178.67,23.4083870967742,99.5207117347185
"976",-49.063,-16.704,2019,4,141.25,23.3993333333333,92.3434845417974
"977",-49.063,-16.704,2019,5,47.34,22.0809677419355,76.9033630977267
"978",-49.063,-16.704,2019,6,0.35,20.975,61.8053433954808
"979",-49.063,-16.704,2019,7,0.53,21.3216129032258,66.7705248378821
"980",-49.063,-16.704,2019,8,0.07,24.9370967741935,109.915505671776
"981",-49.063,-16.704,2019,9,11.94,28.4056666666667,164.248350560615
"982",-49.063,-16.704,2019,10,83.19,27.418064516129,158.619308559761
"983",-49.063,-16.704,2019,11,127.16,25.8703333333333,133.487231297484
"984",-49.063,-16.704,2019,12,183.19,24.6522580645161,121.992744880756
"985",-49.063,-16.704,2020,1,290.12,24.3322580645161,115.628497947903
"986",-49.063,-16.704,2020,2,315.04,23.4337931034483,95.0431158087437
"987",-49.063,-16.704,2020,3,168.65,23.2187096774194,99.3565667805099
"988",-49.063,-16.704,2020,4,130.15,22.411,83.3489089434679
"989",-49.063,-16.704,2020,5,8.26,19.7264516129032,57.3591385459762
"990",-49.063,-16.704,2020,6,1.09,20.423,59.5885121735896
"991",-49.063,-16.704,2020,7,0.46,21.1329032258065,67.5719748864997
"992",-49.063,-16.704,2020,8,0.19,23.4225806451613,92.7874019632251
"993",-49.063,-16.704,2020,9,5.96,27.532,148.489943295334
"994",-49.063,-16.704,2020,10,138.28,26.8483870967742,148.580556173064
"995",-49.063,-16.704,2020,11,97.99,24.9373333333333,120.674610822679
"996",-49.063,-16.704,2020,12,131.44,25.2196774193548,131.97034311871
"997",-49.063,-16.704,2021,1,128.02,25.0925806451613,125.856675703606
"998",-49.063,-16.704,2021,2,247.92,23.6428571428571,96.7373206613442
"999",-49.063,-16.704,2021,3,113.04,22.8896774193548,94.3942471081007
"1000",-49.063,-16.704,2021,4,59.91,22.2963333333333,81.1550242672969
"1001",-49.063,-16.704,2021,5,3.34,22.6041935483871,83.9898959852301
"1002",-49.063,-16.704,2021,6,11.01,22.0773333333333,73.6485504364387
"1003",-49.063,-16.704,2021,7,0.31,21.2738709677419,67.8480526412062
"1004",-49.063,-16.704,2021,8,3.76,24.6654838709677,107.149392480324
"1005",-49.063,-16.704,2021,9,49.37,28.4553333333333,164.053281030424
"1006",-49.063,-16.704,2021,10,126.27,26.1277419354839,137.220844809005
"1007",-49.063,-16.704,2021,11,284.04,23.48,100.606690339733
"1008",-49.063,-16.704,2021,12,237.49,23.4977419354839,106.74992431741
"1009",-49.063,-16.392,2015,1,79.1,24.9277419354839,122.922115134679
"1010",-49.063,-16.392,2015,2,231.47,23.255,91.5264626927794
"1011",-49.063,-16.392,2015,3,185.45,22.6393548387097,90.7373608951867
"1012",-49.063,-16.392,2015,4,141.15,23.0193333333333,88.6636509005089
"1013",-49.063,-16.392,2015,5,33.88,20.7577419354839,64.7437426488073
"1014",-49.063,-16.392,2015,6,0.31,20.5623333333333,59.2009599808071
"1015",-49.063,-16.392,2015,7,1.99,21.8693548387097,73.1519803055054
"1016",-49.063,-16.392,2015,8,10.25,24.0477419354839,99.1518763144044
"1017",-49.063,-16.392,2015,9,40.09,27.278,145.051865644733
"1018",-49.063,-16.392,2015,10,76.66,29.1606451612903,190.341849229401
"1019",-49.063,-16.392,2015,11,231.84,25.3713333333333,126.058431393861
"1020",-49.063,-16.392,2015,12,165.91,24.7909677419355,124.482700969064
"1021",-49.063,-16.392,2016,1,420.8,23.1929032258065,99.7931464807281
"1022",-49.063,-16.392,2016,2,146.09,23.9451724137931,100.438937203118
"1023",-49.063,-16.392,2016,3,141.47,23.601935483871,103.407650793044
"1024",-49.063,-16.392,2016,4,18.93,22.814,87.0148701857376
"1025",-49.063,-16.392,2016,5,22.59,22.3248387096774,81.2156767507462
"1026",-49.063,-16.392,2016,6,0.06,21.6706666666667,70.0022024187164
"1027",-49.063,-16.392,2016,7,0,22.9409677419355,85.05075310982
"1028",-49.063,-16.392,2016,8,19.59,24.9016129032258,110.434128140686
"1029",-49.063,-16.392,2016,9,32.04,27.3406666666667,145.851538104619
"1030",-49.063,-16.392,2016,10,172.84,25.6493548387097,129.966650201854
"1031",-49.063,-16.392,2016,11,180.19,23.7103333333333,103.583796586708
"1032",-49.063,-16.392,2016,12,161.63,23.6467741935484,108.753543588749
"1033",-49.063,-16.392,2017,1,190.13,23.7070967741935,107.317335590937
"1034",-49.063,-16.392,2017,2,179.64,22.8132142857143,88.0935630605536
"1035",-49.063,-16.392,2017,3,149.49,23.651935483871,104.935760857158
"1036",-49.063,-16.392,2017,4,114.56,23.011,90.1785188803338
"1037",-49.063,-16.392,2017,5,51.63,22.168064516129,80.6074362394497
"1038",-49.063,-16.392,2017,6,0.15,21.2723333333333,67.3717919398563
"1039",-49.063,-16.392,2017,7,0.02,19.808064516129,56.4503053300618
"1040",-49.063,-16.392,2017,8,0.02,24.7351612903226,108.84294979129
"1041",-49.063,-16.392,2017,9,16.38,26.0536666666667,126.768684664019
"1042",-49.063,-16.392,2017,10,71.81,27.6893548387097,162.229707100329
"1043",-49.063,-16.392,2017,11,231.04,23.7406666666667,104.827542777323
"1044",-49.063,-16.392,2017,12,233.45,23.3529032258065,105.819584276827
"1045",-49.063,-16.392,2018,1,198.57,23.478064516129,105.294945674465
"1046",-49.063,-16.392,2018,2,227.83,23.2939285714286,94.3944919271739
"1047",-49.063,-16.392,2018,3,143.16,23.56,104.660262970354
"1048",-49.063,-16.392,2018,4,142.35,21.763,77.976229289502
"1049",-49.063,-16.392,2018,5,17.84,20.1796774193548,62.8195570433046
"1050",-49.063,-16.392,2018,6,0.02,21.2243333333333,68.0275471744374
"1051",-49.063,-16.392,2018,7,0,21.8716129032258,76.0329745758801
"1052",-49.063,-16.392,2018,8,13.89,24.5790322580645,107.468849139863
"1053",-49.063,-16.392,2018,9,26.5,26.599,134.471945967861
"1054",-49.063,-16.392,2018,10,195.15,25.0877419354839,122.773174542352
"1055",-49.063,-16.392,2018,11,203.63,23.222,99.3481145153492
"1056",-49.063,-16.392,2018,12,193.7,23.6441935483871,110.554280207925
"1057",-49.063,-16.392,2019,1,105.76,24.1558064516129,111.211327583479
"1058",-49.063,-16.392,2019,2,200.25,23.9867857142857,99.7544428138312
"1059",-49.063,-16.392,2019,3,178.67,23.4083870967742,99.4650225249921
"1060",-49.063,-16.392,2019,4,141.25,23.3993333333333,92.3657897588681
"1061",-49.063,-16.392,2019,5,47.34,22.0809677419355,76.9830604795693
"1062",-49.063,-16.392,2019,6,0.35,20.975,61.907621011784
"1063",-49.063,-16.392,2019,7,0.53,21.3216129032258,66.8890179227692
"1064",-49.063,-16.392,2019,8,0.07,24.9370967741935,110.06143062635
"1065",-49.063,-16.392,2019,9,11.94,28.4056666666667,164.339142555996
"1066",-49.063,-16.392,2019,10,83.19,27.418064516129,158.579869052137
"1067",-49.063,-16.392,2019,11,127.16,25.8703333333333,133.357974751257
"1068",-49.063,-16.392,2019,12,183.19,24.6522580645161,121.819139403017
"1069",-49.063,-16.392,2020,1,290.12,24.3322580645161,115.455781772398
"1070",-49.063,-16.392,2020,2,315.04,23.4337931034483,94.9342673305057
"1071",-49.063,-16.392,2020,3,168.65,23.2187096774194,99.3009694220435
"1072",-49.063,-16.392,2020,4,130.15,22.411,83.3690415550518
"1073",-49.063,-16.392,2020,5,8.26,19.7264516129032,57.4185816312032
"1074",-49.063,-16.392,2020,6,1.09,20.423,59.6871213010427
"1075",-49.063,-16.392,2020,7,0.46,21.1329032258065,67.6918902499876
"1076",-49.063,-16.392,2020,8,0.19,23.4225806451613,92.9105874713459
"1077",-49.063,-16.392,2020,9,5.96,27.532,148.572024474231
"1078",-49.063,-16.392,2020,10,138.28,26.8483870967742,148.543612726323
"1079",-49.063,-16.392,2020,11,97.99,24.9373333333333,120.557760819421
"1080",-49.063,-16.392,2020,12,131.44,25.2196774193548,131.782538717006
"1081",-49.063,-16.392,2021,1,128.02,25.0925806451613,125.668681531969
"1082",-49.063,-16.392,2021,2,247.92,23.6428571428571,96.6265318887623
"1083",-49.063,-16.392,2021,3,113.04,22.8896774193548,94.3414265350506
"1084",-49.063,-16.392,2021,4,59.91,22.2963333333333,81.1746269543911
"1085",-49.063,-16.392,2021,5,3.34,22.6041935483871,84.0769373647177
"1086",-49.063,-16.392,2021,6,11.01,22.0773333333333,73.7704266006826
"1087",-49.063,-16.392,2021,7,0.31,21.2738709677419,67.9684579410081
"1088",-49.063,-16.392,2021,8,3.76,24.6654838709677,107.291645114607
"1089",-49.063,-16.392,2021,9,49.37,28.4553333333333,164.143965196706
"1090",-49.063,-16.392,2021,10,126.27,26.1277419354839,137.18672586974
"1091",-49.063,-16.392,2021,11,284.04,23.48,100.50927223319
"1092",-49.063,-16.392,2021,12,237.49,23.4977419354839,106.598010598051
